Date,XLK,XLF,XLE,XLV,XLY,XLI,XLU,XLB
2016-01-15 00:00:00-05:00,-0.018708356241239232,-0.030769248371249724,-0.030330084664263235,-0.016906681766674647,-0.028664805931415627,-0.02152050274003947,0.006959302088738628,-0.045181751722600305
2016-01-22 00:00:00-05:00,0.026436221958422212,-0.00653590527783765,0.025575159613635545,0.014655176732047526,0.025314999096121227,-0.00020555754370632506,0.00898420296016944,0.0067974473931449175
2016-01-29 00:00:00-05:00,0.0212982572082816,0.020676660336320207,0.04431298049149013,-0.020339061147515602,0.010912318002467059,0.027754951427975127,0.03698631932764762,0.0067511347679456435
2016-02-05 00:00:00-05:00,-0.042192694116723994,-0.03545096646295798,-0.03899680824427132,-0.031141856189897732,-0.053298686779805315,0.001000056613803535,0.025319220734345782,0.04745979362109787
2016-02-12 00:00:00-05:00,-0.005822429011021368,-0.02195703618801026,-0.011798410501842271,-0.00046582826825136703,-0.00527427490256982,-0.007394001246066262,-0.021688047514789477,-0.01649897581477855
2016-02-19 00:00:00-05:00,0.0353962239112966,0.02391401162621687,0.027677275915698463,0.0242349834452249,0.04227007423124407,0.033219400520197784,0.014047664598184406,0.02028086349057623
2016-02-26 00:00:00-05:00,0.014756221565412897,0.016205783372152283,0.007393234706662755,0.020779697783228412,0.028732435406422452,0.02201847147000069,-0.0006491768117804497,0.03214735005918756
2016-03-04 00:00:00-05:00,0.028114563269891812,0.04502807435206413,0.06517541419453643,0.0016345026453326028,0.02525764298045763,0.025357488132573103,0.02035972610201786,0.0332856271007671
2016-03-11 00:00:00-05:00,0.01060801742663986,0.009425117514484604,0.02296582309259887,0.017504565230152425,0.007559562294094491,0.004834692635290017,0.02207574769683096,0.02162898060267282
2016-03-18 00:00:00-04:00,0.021935210923510917,0.01515769496803454,0.025390042443724337,-0.022017838941118417,0.014378014696888597,0.034704176730567804,0.01756263749179099,0.02652355960122299
2016-03-25 00:00:00-04:00,0.0006882301755792852,-0.018477720894454763,-0.02598836044311459,0.008228305397198321,-0.006914926519190123,-0.009167751655134615,0.0057580633632965394,-0.01915432219543134
2016-04-01 00:00:00-04:00,0.02475924626045578,0.01748089070718173,-0.012613303476108784,0.017213604021532936,0.024242060581671554,0.01106674696278298,0.018400848178201423,0.015488192346954976
2016-04-08 00:00:00-04:00,-0.018120967427064483,-0.02863447074607839,0.021454032278587887,0.011670341529866679,-0.01963991108417762,-0.018302280848205066,-0.019273434710509352,-0.01591526384674191
2016-04-15 00:00:00-04:00,0.010253084167713755,0.03854886070091745,0.01875950035727314,0.00966097828378265,0.02080360796506353,0.024492643517004087,0.0008188460503211203,0.033917449749468975
2016-04-22 00:00:00-04:00,-0.02029757303090829,0.02838432721289519,0.05508313471072768,0.026421140827733947,-0.0003771139751694852,0.006422791009520923,-0.03149899185079397,0.02563545032082759
2016-04-29 00:00:00-04:00,-0.03015665028694503,-0.010191167077179708,0.00686140426955717,-0.02894138675210356,-0.0032720295473540606,-0.00443170729490272,0.022597781458167265,-0.0023301794563440614
2016-05-06 00:00:00-04:00,0.0028483222167523525,-0.0077217422523689905,-0.033036704007700646,-0.008740253872147719,0.0010102061582661914,-0.009259272607690217,0.008467625596432882,-0.019957131460430322
2016-05-13 00:00:00-04:00,-0.0009468777898004044,-0.01080865698679101,-0.004290074277932376,-0.000578052009756802,-0.014757879731871704,-0.010603826017448914,0.011468114184439049,-0.004549641287476813
2016-05-20 00:00:00-04:00,0.012319572461449768,0.014423578262566794,0.01800271251246799,0.00795464668356649,-0.005249081812698342,-0.0003634260091445185,-0.022271488727194422,0.007182026583763879
2016-05-27 00:00:00-04:00,0.032061400921668204,0.02585058509321647,0.014661494499827343,0.021380449471178453,0.020849449082766647,0.016354721580510212,0.01118245085529912,0.019446569765281696
2016-06-03 00:00:00-04:00,-0.0036278572329443426,-0.012600173251060665,-0.00878888832453073,0.0155939487568717,-0.002647580113689041,0.0010728825066188552,0.025598908515634733,0.010173635079844479
2016-06-10 00:00:00-04:00,0.0004550369066744775,-0.014886958057012789,0.012473708766298275,-0.00705441607874735,-0.007837019490251729,0.008572897302046911,0.009784111061286405,0.0016786577220571086
2016-06-17 00:00:00-04:00,-0.01593273142243723,-0.018527702726816142,-0.0005871739212141014,-0.020033282995107538,-0.003611040793204623,-0.007663374189741057,0.007781215474549352,-0.006367092198800162
2016-06-24 00:00:00-04:00,-0.01788612265589573,-0.023441055985434667,-0.0016446710284361288,-0.010704757494260253,-0.022584560733241776,-0.024223965974909945,-0.002769522458609841,-0.025000237451373364
2016-07-01 00:00:00-04:00,0.0281456506286899,0.029891618846263457,0.02725391386938658,0.04111963336719704,0.035447074818168556,0.03328423862414165,0.04106308572308337,0.007388405034139289
2016-07-08 00:00:00-04:00,0.015182906097619853,0.007915648147983845,-0.01297364279037172,0.021202596549199537,0.022188545120446657,0.018508759052730195,0.0011437867112886746,0.012942213254637958
2016-07-15 00:00:00-04:00,0.019940856048375144,0.02617797233922725,0.022448343909960533,0.005292682777190416,0.004465120660055222,0.025511220190872264,-0.010278151754913978,0.03875606294090295
2016-07-22 00:00:00-04:00,0.01821860888321325,0.00680275086215798,-0.013144507769177971,0.01228397646702506,0.007656564514481046,-0.006815322956325365,0.014615135261125456,-0.002459841885527392
2016-07-29 00:00:00-04:00,0.01352805794385703,-0.001267374706199198,-0.013758501526934253,0.0028003323658440937,0.0002445912243427273,-0.004289123004766582,-0.012130141961202545,0.0006162418796853419
2016-08-05 00:00:00-04:00,0.012916951447716318,0.015645182617321174,0.002226011083738655,0.0006653273672345694,-0.0006124606251420861,0.004652108080645645,-0.026669457213279624,0.0016430512498952776
2016-08-12 00:00:00-04:00,0.0012755098612340365,-0.006661145537730895,0.017325638020192935,-0.006246432015508674,0.005271563257935208,0.004287345346369653,0.003351367912235892,-0.007176276369230239
2016-08-19 00:00:00-04:00,-0.001910469579105234,0.006286620403402887,0.02489096728323359,-0.0056162752846190545,-0.0060973498486239786,0.007855261226106691,-0.012377302266165624,0.011772205128718793
2016-08-26 00:00:00-04:00,0.0006378030741318597,0.0041651675192253546,-0.014628704467187226,-0.017348123007265515,-0.00687107881348481,-0.006099638314541633,-0.0222794859996851,-0.00530768086533473
2016-09-02 00:00:00-04:00,0.006376205343827213,0.01907902860077204,-0.0043239255157547785,-0.005747647269775058,-0.0007417288977246139,0.004602785112412411,0.009765990274315017,0.010671160445632877
2016-09-09 00:00:00-04:00,-0.02513169290553441,-0.021571055122154625,0.008974876743857774,-0.015691936470362156,-0.030291586941988302,-0.03071427145453287,-0.023574726907695687,-0.036751619376094946
2016-09-16 00:00:00-04:00,0.02697730428420031,-0.012773635617904455,-0.026432178539858908,0.01229467349202018,0.004836674025371357,-0.0035122484663036024,0.025176505403192273,-0.009252909252909225
2016-09-23 00:00:00-04:00,0.005930829634086532,0.010024600498340419,0.0028173880338260293,0.013867559674059393,0.014775611075185102,0.019607741434138237,0.03410489663604843,0.011762628761726734
2016-09-30 00:00:00-04:00,0.006106700308813551,-0.004128100050279526,0.04390865966006752,-0.013677880845223478,0.004643734078554784,0.011434671999193569,-0.03828039658450422,0.009300202072906716
2016-10-07 00:00:00-04:00,-0.0033486277225008854,0.016580381412639955,0.0,-0.003328326984522123,-0.0037481251532966997,-0.014045921013174922,-0.038170835960808724,-0.018638886093090945
2016-10-14 00:00:00-04:00,-0.005250036388180224,-0.010193837220300317,-0.011471565958494634,-0.03130675946675332,-0.01065974654872126,-0.005733343638893218,0.013369904293247803,-0.011523566830976884
2016-10-21 00:00:00-04:00,0.003377611287643578,0.0118434828355094,0.005587566308757674,0.0012929372722796373,0.00887343174480737,-0.0041934659854591105,0.005235505757850811,0.01597566922358995
2016-10-28 00:00:00-04:00,-0.0018935604899302794,0.006106782147747181,-0.011682467334081181,-0.027686156130212414,-0.01947490534390195,0.0019297607674326756,0.009583204203030826,-0.007012353482575007
2016-11-04 00:00:00-04:00,-0.02655960912173183,-0.014162707929689655,-0.023064960766817855,-0.01917942660140637,-0.01678593636587944,-0.011033068585397099,-0.010523914819622227,-0.00706148427128539
2016-11-11 00:00:00-05:00,0.011909856076814718,0.08036975182909749,0.024937356473734518,0.06031880717386873,0.038967347460929336,0.07199231193710982,-0.04004138163001458,0.03771519582490268
2016-11-18 00:00:00-05:00,0.013481660587982836,0.022611710187627088,0.02404255060461402,-0.011207250450390838,0.018565078493329557,0.004094965479950474,0.005648125314290597,0.003530871257322321
2016-11-25 00:00:00-05:00,0.013513473982932567,0.011281254754870185,0.022353337577557753,-0.003156194773401233,0.021921175488640365,0.023001740445891095,0.018794502825545845,0.025662273253135748
2016-12-02 00:00:00-05:00,-0.027291683557844948,0.010709552788997545,0.029015554109505848,-0.015400532553004553,-0.01855858238001118,0.0015946126681076755,-0.007633559179356486,0.00847447510211996
2016-12-09 00:00:00-05:00,0.04197908113370885,0.04856528758550871,0.023653417602619742,0.006432003971620581,0.03524034523335384,0.018627626183563617,0.024786542882128337,0.030412060689536613
2016-12-16 00:00:00-05:00,0.0031743190897863816,-0.011954697450261231,0.004105992114010526,0.015036184112645401,-0.013407283698754324,-0.01589209521502921,0.019154277281818732,-0.014505683988798479
2016-12-23 00:00:00-05:00,0.007820665926486559,0.009418171451861523,-0.0020915706795161526,-0.0017249753791559463,-0.002902625330647446,0.006551632135203711,0.0041312367573664854,-0.0029745966647070077
2016-12-30 00:00:00-05:00,-0.012456370610036016,-0.013995160787948269,-0.013490410423779742,-0.00748622739339766,-0.012734995003084948,-0.012223884689509301,-0.0008226422082531215,-0.011338755842466353
2017-01-06 00:00:00-05:00,0.021505221142060105,0.012472958883248841,0.007567775228772611,0.02915581935768885,0.023587167039162527,0.014785701808260221,0.005353121282912099,0.01851104037008433
2017-01-13 00:00:00-05:00,0.005262930337541771,-0.001274259538778133,-0.019896852625346906,-0.0004226845412701463,0.007681543816979275,0.0012675128657912982,-0.006553533513732668,0.0049387263527236325
2017-01-20 00:00:00-05:00,0.0028191850699257337,-0.015312910024367188,0.0021505063603890484,-0.015228656716713918,-0.00035778579440781666,0.003479621666945043,0.002679820060093263,0.004324834343557571
2017-01-27 00:00:00-05:00,0.018875432369126033,0.02159857234054896,-0.004158383182786274,-0.001288585169739287,0.013463844853117468,0.016550994344250336,-0.005139576300350224,0.03366614282991143
2017-02-03 00:00:00-05:00,-0.0009852974768855827,0.002959979071945229,-0.011181680411998962,0.02394281867960113,-0.006701609616643012,-0.013490327026387638,0.010539264929238623,-0.013823261290039746
2017-02-10 00:00:00-05:00,0.012428344789371604,0.002529178728693182,-0.0016349383696456776,0.006161099168109807,0.014676653997397038,0.01744726276977815,0.007975545641804693,0.00038397687005975456
2017-02-17 00:00:00-05:00,0.01695258565047375,0.029016133214889717,-0.017876506267836545,0.02504840270314923,0.010264526493162007,0.01792075226213319,0.005680369460929535,0.003838728785892531
2017-02-24 00:00:00-05:00,0.008430697319874447,-0.0020433553707028818,-0.013616706826426794,0.015205384046592885,0.003579519122481445,0.0,0.040750583795692075,0.002485826552673265
2017-03-03 00:00:00-05:00,0.004370352380805631,0.022522656346995573,0.014086060468715411,0.013639564247837077,0.0009205200162856197,0.006525976936949007,-0.0013568543391614396,0.00438655796106624
2017-03-10 00:00:00-05:00,0.004729299962393352,-0.007208869988622912,-0.02750340431899667,0.0023747640778482015,-0.0017243159821228593,-0.007237616403130254,-0.010869583154359375,-0.010444137494286188
2017-03-17 00:00:00-04:00,0.00819903070097494,-0.010200061204883482,0.002980781967645507,-0.00720623395474318,0.008881203085011169,0.002105340074075146,0.012938331757083699,0.007574296396382962
2017-03-24 00:00:00-04:00,-0.009374207448580196,-0.03721872257447856,-0.01776499669082554,-0.011575015682392054,-0.009157535066588007,-0.01750916018010462,0.012883129596290788,-0.012991979493073957
2017-03-31 00:00:00-04:00,0.008895092609147559,0.008071190032530984,0.019544883862170348,0.0009420572861391641,0.016058192310238972,0.00821311380581835,-0.011177649521794786,0.014517906718235496
2017-04-07 00:00:00-04:00,-0.0046898198044171835,-0.008849319545660483,0.006580692917394382,0.0006725676852963325,-0.007845052203056646,0.0010762334144394092,0.0017543460838451708,0.0034346122123387612
2017-04-14 00:00:00-04:00,-0.013003876271625803,-0.02636075056553866,-0.014923333112770942,-0.005778616951064963,-0.008136821405205885,-0.017042937768034117,0.005447430839123246,-0.02433930968332565
2017-04-21 00:00:00-04:00,0.015276063215605928,0.011353935079226218,-0.021930153364367988,-0.004055422208907311,0.019641904313600467,0.021711926604999876,0.0009674131681134401,0.01734542586487553
2017-04-28 00:00:00-04:00,0.022756953779036637,0.015975827201950787,0.0007374952487513298,0.02470126892490576,0.020509766257743367,0.014217855112927058,-0.0005801939423223379,0.016666504055114828
2017-05-05 00:00:00-04:00,0.01084961951564023,0.013174489083764396,-0.007812573539296874,0.006225446707767368,0.0012217406848489265,0.008742860479435954,0.0005805307627542167,0.007725807466627321
2017-05-12 00:00:00-04:00,0.010733320209217245,-0.011745211257785049,0.006537051128111315,-0.009082520693825424,-0.0032166544144971443,-0.009264475158661467,0.0,-0.016267857743322844
2017-05-19 00:00:00-04:00,-0.005759651890884343,-0.008913079692298709,0.004870745318047209,-0.003321042099000082,-0.007008949507473439,-0.0021120759996807736,0.006766018922554906,-0.0032311981056750705
2017-05-26 00:00:00-04:00,0.020637135462213463,0.01113473888317773,-0.021592407807528136,0.011462316669250905,0.016694203801063123,0.018894360706808833,0.025345245520897786,0.009343927650288908
2017-06-02 00:00:00-04:00,0.014366803613287571,-0.00677694476040136,-0.022819325483970032,0.020160403628249224,0.01653086704238582,0.011867274741217848,0.016479378817790824,0.01738157114927419
2017-06-09 00:00:00-04:00,-0.02045832584959506,0.03582126986733747,0.02043339084206619,0.001291743039540716,-0.020273150717918242,-0.004398140200987721,-0.011238152697217951,0.014484655652443834
2017-06-16 00:00:00-04:00,-0.009771125811866566,0.003824503997150952,0.005065242286231175,0.00617250118571544,0.000607857096770692,0.016125200653499316,0.016378074391599773,-0.006533318439006286
2017-06-23 00:00:00-04:00,0.019004612444269764,-0.016468042592185594,-0.028959413047891513,0.035783743132636436,-0.006988357293467917,-0.009755308745771574,-0.01663252000370874,-0.0031469662730252423
2017-06-30 00:00:00-04:00,-0.028063945176463823,0.032649826466212284,0.008387665242747477,-0.015285422880760069,0.0012288835292013633,0.0014701523703226638,-0.02349183995617876,-0.0007429276297018506
2017-07-07 00:00:00-04:00,0.005299555462726202,0.015403317045640241,-0.01401707549072917,-0.00025249552682093945,-0.0047975942559872475,0.008075447517277734,-0.00904549525088516,0.006133001215595568
2017-07-14 00:00:00-04:00,0.0336303129205382,-0.005189648847987893,0.021715126167910492,0.01148687704977247,0.011098886959475252,0.011214511144672867,0.008351159875878977,0.02050236864407773
2017-07-21 00:00:00-04:00,0.010727802132330266,-0.004815346315243718,-0.00443414321773683,0.010732907156062677,0.010422553496267861,-0.009362001251918217,0.026386735000226702,0.0001811473439179423
2017-07-28 00:00:00-04:00,-0.0005216408805968076,0.004435597349217391,0.020887621512555077,-0.0127176410889569,0.0028525162792234493,-0.005524891087597794,-0.004691148791901689,-0.0036194493793397786
2017-08-04 00:00:00-04:00,0.002959866186931004,0.019269381946024566,-0.012486780736703618,-0.006003034090633852,-0.003938842042146562,0.0070173553027153,0.013951529989941536,-0.008717826337158008
2017-08-11 00:00:00-04:00,-0.00885288981159682,-0.02599471010035015,-0.025898710824499238,-0.011072302720813942,-0.012852834576289607,-0.014808166015101265,-0.000743638925629897,-0.020154048119324863
2017-08-18 00:00:00-04:00,-0.0005256018657013861,-0.004447793566868752,-0.02533615075016904,-0.007633326779898586,-0.017917023205686666,-0.010462563882726927,0.014141761539813835,0.004300927526691201
2017-08-25 00:00:00-04:00,0.011039374381437206,0.007717072571791661,0.010911453934471238,0.012179449747282689,0.004306207946236373,0.0052124117144993765,0.011743206520880012,0.0134053808449337
2017-09-01 00:00:00-04:00,0.01871743173849061,-0.0016120827546565186,0.00920620894464208,0.028879170717695413,0.016247394564348205,0.015110642757254267,-0.006166056269627518,0.018372223609147698
2017-09-08 00:00:00-04:00,-0.0127596207417634,-0.02704881315122698,0.012896975103804387,0.01612679207017842,-0.009992468283984257,-0.0036486652208834736,0.010219052468877443,-0.007577249911096318
2017-09-15 00:00:00-04:00,0.015851519087833443,0.032087151590868945,0.03582355809932447,0.004289529328363129,0.008714956564315202,0.02105384613558159,-0.003475383412305688,0.024759425957686654
2017-09-22 00:00:00-04:00,-0.0037451863507732552,0.026645245999732392,0.020656360318433098,-0.012229315346759195,-0.0010040688598919045,0.019599105799950278,-0.027762683030810198,0.008560445237692837
2017-09-29 00:00:00-04:00,0.00991116318543761,0.01690900666755968,0.01904741887100636,0.0018385661549733534,0.006030836257679084,0.0035336022302407954,-0.0033816581213401697,0.0044211509210903
2017-10-06 00:00:00-04:00,0.014382433881182655,0.01894833736088186,-0.005987071918537312,0.014193087773087587,0.018206142977075235,0.013239499618768802,0.007162972781992849,0.019366196491578114
2017-10-13 00:00:00-04:00,0.009174124745681134,-0.008349039917951995,0.0010283780951063637,-0.005670278903382453,-0.005451520430063139,0.0016679510427208832,0.013475727558698303,0.007771855815810191
2017-10-20 00:00:00-04:00,0.00991724179948239,0.019517564554377476,-0.005429949094816089,0.01771434695235441,0.0015347709952038269,0.0124895283613915,0.013111658347583433,0.0066837046855214854
2017-10-27 00:00:00-04:00,0.02356804645207511,0.005255226810298108,-0.006345132481373694,-0.02074383329398355,0.011383607309650712,-0.008772072968526556,0.003463233074677552,0.006469325831908179
2017-11-03 00:00:00-04:00,0.01519024727702556,0.0,0.019899095078203644,-0.006452443223209481,-0.007575854857482467,-0.0067751460306861855,0.0029068366401299173,-0.004905356744057898
2017-11-10 00:00:00-05:00,0.00015750548795989694,-0.026138768892418396,0.014269264020568162,-0.005023971509025782,0.007306701856534481,-0.010720219495928052,0.005433525796702421,-0.012238669605751484
2017-11-17 00:00:00-05:00,-0.0023621451836549623,0.003067322205647427,-0.03201279925186651,0.0004924931200851468,0.012666323945429658,-0.00788018925858014,0.005404338187968927,0.003441923558045179
2017-11-24 00:00:00-05:00,0.018153159044307587,0.002293626110598357,0.006673477038797282,0.006523819796867336,0.011652735532188707,0.012907674548122472,0.0012544995068763942,0.009089332729112387
2017-12-01 00:00:00-05:00,-0.015349063823257958,0.05186876277435393,0.026517499639209907,0.018711335010880514,0.020923405390979477,0.03052773767054151,0.00948426665911195,0.003908819440221034
2017-12-08 00:00:00-05:00,0.0014172983663234273,0.015591187842814103,-0.005740228405193171,-0.003481603804549649,0.006624647085067492,0.014947946026389491,-0.009572555106679315,0.006094547290528052
2017-12-15 00:00:00-05:00,0.018879142676983873,-0.002529439265482658,-0.0014784797598476063,0.012464142014536161,0.010832343996928007,0.0031441781554590875,-0.006034178020889014,-0.001014785338288915
2017-12-22 00:00:00-05:00,-0.00030965957406381417,0.008630046473746988,0.04729331482439214,-0.009556507387061153,0.010309149596580136,0.01180877601206598,-0.04671031798439629,0.021327254469692525
2017-12-29 00:00:00-05:00,-0.009141933271037739,-0.004991080903393286,0.004029548347343148,-0.0027745004546708696,-0.0029297212853007792,0.003580974033221107,0.004385439867076402,0.0031489415812173682
2018-01-05 00:00:00-05:00,0.03674765173015038,0.017914804167619147,0.03750343666395661,0.031083759727060567,0.031309982682717674,0.025770027195975986,-0.025626624069116644,0.03849342582078208
2018-01-12 00:00:00-05:00,0.007692376474334406,0.028862837309381106,0.032679584730735955,0.018416412958312867,0.03193176044834023,0.032851904621188144,-0.020845534914488484,0.00843096145496025
2018-01-19 00:00:00-05:00,0.01481827973375105,0.01060551937761045,-0.013432843812839379,0.01865924960273202,0.005426849339059681,-0.005987230199965721,-0.005372127774461166,-0.0017351928447741916
2018-01-26 00:00:00-05:00,0.020501262330784087,0.02132713952923071,0.014794137705512078,0.035052240628222986,0.03219684716070281,0.012171994245594231,0.021004263663031653,0.012800310649069946
2018-02-02 00:00:00-05:00,-0.03916746576834074,-0.026847912244497674,-0.06515278586035245,-0.050797264510919704,-0.031284306933274,-0.03310164095507584,-0.022727192969061005,-0.056638986872131536
2018-02-09 00:00:00-05:00,-0.0443743598708678,-0.05722064035601637,-0.07990624677957103,-0.05512752402987353,-0.04507990246301574,-0.053596734343013264,-0.02646382904012967,-0.03374119092379646
2018-02-16 00:00:00-05:00,0.05745334540989311,0.046965270010921545,0.021748928792076017,0.04031700017370654,0.039274021225947475,0.04714812415823921,0.03212560978843659,0.035261818835742975
2018-02-23 00:00:00-05:00,0.016522592861527574,0.004831064052045031,0.009982465576776622,-0.0009371665513456806,0.010687975118963244,0.005045933189536944,0.004588924686772744,0.013392767666121408
2018-03-02 00:00:00-05:00,-0.008932611089900733,-0.023351800298318293,-0.026889800093008787,-0.01980530580298545,-0.02700416235341574,-0.032826876981797204,-0.028004178181118222,-0.03801589187497467
2018-03-09 00:00:00-05:00,0.041814614929194915,0.044303898964674904,0.02240490163834341,0.03431407819090282,0.030956034632585228,0.04418992867161409,0.00939963509335584,0.04002707828634122
2018-03-16 00:00:00-04:00,-0.009675482025400584,-0.0244076427602109,-0.00965318866969933,-0.009479010262530285,-0.007062747566021099,-0.019902426919713556,0.025109020957502892,-0.031702739102002386
2018-03-23 00:00:00-04:00,-0.07436873117646957,-0.07100799453485762,-0.008022602245312593,-0.06379975968306204,-0.047537599785273055,-0.05014402992004252,-0.02368152981200844,-0.05291634052413585
2018-03-30 00:00:00-04:00,0.017734632889843116,0.027964029935273915,0.0095854483283635,0.021714679448654906,0.01108046055171652,0.02130909700809802,0.029963304464455387,0.016422453368488465
2018-04-06 00:00:00-04:00,-0.02094139248186866,-0.01450839252157854,-0.000890573449137122,-0.01867327305509181,-0.006022559559925145,-0.020460448482982008,-0.0021771136783029776,-0.007551778988480695
2018-04-13 00:00:00-04:00,0.03544080359690449,0.010673374382867307,0.06028239480675124,0.024912236394575293,0.005363729671927997,0.016765113631560302,-0.012494960019329149,0.028313745534870316
2018-04-20 00:00:00-04:00,-0.0016583291248029042,0.01529504443789964,0.026466761726944066,0.002686926291859404,0.01738767343264702,0.02175929223794948,0.010243008052929214,0.015315704283074938
2018-04-27 00:00:00-04:00,-0.004833122696740189,-0.006456135123641182,0.007094359955037932,0.017663761124925736,0.01097310332270851,-0.03187768853242556,0.028031842333158696,-0.021016833619376563
2018-05-04 00:00:00-04:00,0.02625577324860151,-0.0155235924495285,0.00040640680126968753,-0.03040445557838667,-0.0008646206494595798,-0.01270685464073218,-0.0038678574321647785,0.0006923736054407215
2018-05-11 00:00:00-04:00,0.033421981328205064,0.036303880900421026,0.03899798858550141,0.02506184127365585,0.008363553157018089,0.03390540345265247,-0.021937185371976864,0.01885824005779435
2018-05-18 00:00:00-04:00,-0.014453450492615372,-0.010969761398076483,0.017985092719160267,0.0020471591730428784,-0.00019031021267201798,0.008298694721581068,-0.02759057521214281,0.01647132398002893
2018-05-25 00:00:00-04:00,0.012777683491115077,-0.0035777849339061474,-0.04519262263184176,-0.003125187325599188,0.012014623415812942,0.004779193287038241,0.030822723401793484,-0.014199868452273279
2018-06-01 00:00:00-04:00,0.019211671300666255,-0.013285620101230133,0.024135141906969748,0.005064310153547025,0.003863568210455748,-0.005681224061321766,-0.005742658398719902,0.0010167483123657561
2018-06-08 00:00:00-04:00,0.008298970298191266,0.021834184627620656,0.00680800400620396,0.020153615930363022,0.03172486478257208,0.015678880077370394,-0.03027279208630096,0.029795272354653957
2018-06-15 00:00:00-04:00,0.004102220688800617,-0.017485883563891802,-0.028985756879865154,0.008662024678891544,0.022602754368509892,-0.01332729128131438,0.026558578617421835,-0.013512412938257334
2018-06-22 00:00:00-04:00,-0.01282750889389539,-0.014561342337119365,0.01321292564049914,-0.006202144128152343,-0.00704668402673192,-0.03341352980686518,0.02442439450540257,-0.020257479637443065
2018-06-29 00:00:00-04:00,-0.018785433520001615,-0.017731664413169534,0.010512417672619012,-0.01730827667086876,-0.01814586189267764,-0.01349683246313138,0.023842441728414876,-0.0076900204959875484
2018-07-06 00:00:00-04:00,0.02288756252527646,0.003008748643017478,-0.0035558541756730566,0.030553747532129583,0.009149197002109366,0.0073995883430832965,0.023287217599775367,0.006543929106689106
2018-07-13 00:00:00-04:00,0.020827439162371952,0.011623282100935661,0.007797386813478857,0.016160592622030068,0.02076139426066881,0.022034040204526484,-0.01184869920049647,0.0022243263520416168
2018-07-20 00:00:00-04:00,0.00013801019516490598,0.021497041305066356,-0.017965107423319582,-0.007322522878396298,-0.003907749350485434,0.00935601395694774,-0.004758485411365032,-0.004950466399534226
2018-07-27 00:00:00-04:00,-0.009648444995306704,0.020682431326368267,0.02323417134105976,0.013831268375079864,-0.004547618158229905,0.021090962144222347,0.006693695179237347,0.017326801289177185
2018-08-03 00:00:00-04:00,0.012108416241194409,-0.0003554166973273043,-0.018138987269177176,0.02103224091355127,0.0019707569858844476,-0.0021050910641811083,0.012537899419314158,-0.0001685409734615284
2018-08-10 00:00:00-04:00,0.004262776914599753,-0.00533431191884659,0.0006644914522488943,-0.0020039406845043795,0.0076880784994353135,-0.010283301058203742,-0.005816062014174395,-0.010288301915935882
2018-08-17 00:00:00-04:00,0.0016434426146887393,0.007150793649553178,-0.03559575007874194,0.01628882692189837,-0.0018630542135300576,0.016118224924909663,0.028873245131292302,-0.004260668741540186
2018-08-24 00:00:00-04:00,0.01544743373170121,0.0024846937449296558,0.02658052423398427,0.00878252984576533,0.021153952933875564,0.0057681995620149085,-0.014490221115836754,0.01198016567785154
2018-08-31 00:00:00-04:00,0.01777067725388104,0.0031870642467910493,-0.0013417445055456945,0.009685873131911382,0.01792986672989838,0.004953168846893341,-0.00483900424034267,0.0023677723245323357
2018-09-07 00:00:00-04:00,-0.02671947617194481,0.0,-0.02203093496309083,-0.0024792453428094108,-0.011714233344098268,0.006355133844458516,0.011782489285489195,-0.004892761862115402
2018-09-14 00:00:00-04:00,0.01848341674759091,-0.0035300009574950053,0.020054510446779528,0.010589059266332468,0.011593427541325196,0.01907488382864586,0.003696771454580805,0.007290463014049786
2018-09-21 00:00:00-04:00,-0.0010277939854242968,0.02258239179704513,0.01826585418897375,0.011840927060257078,0.0029889400696352375,0.016649051243196045,-0.014051160843757127,0.02421125282441139
2018-09-28 00:00:00-04:00,0.009650248417855556,-0.04036176498693178,0.008521493083045728,0.009335181487188482,0.002565833839592191,-0.019999695962141684,-0.007727057917895519,-0.043427981650645986
2018-10-05 00:00:00-04:00,-0.022700276683259246,0.015228240152327377,0.018748579327630077,-0.009038604100410463,-0.04248421035084171,0.006760339545249794,0.01861351307799053,-0.0050059644342713705
2018-10-12 00:00:00-04:00,-0.037897025446787524,-0.05607132489893529,-0.053913972925783926,-0.03415001944908813,-0.033499762539334066,-0.06372757150571973,-0.012679668598810867,-0.06731481145711626
2018-10-19 00:00:00-04:00,-0.011577349742347032,0.009080797434464216,-0.02013655861534991,0.004831505682298953,-0.019726978349447033,-0.009742606560411149,0.030595039143759273,-0.01227649697165123
2018-10-26 00:00:00-04:00,-0.02742451921789435,-0.052868617972471,-0.07060001978180763,-0.04469481185106494,-0.02755298930072947,-0.0557532560504953,-0.021989951097508786,-0.04218467576882223
2018-11-02 00:00:00-04:00,0.009546368662114224,0.0443388550931747,0.01624536212613137,0.02104805130916776,0.04409605184123078,0.027352309797427976,-0.004122157247262281,0.060951851204710694
2018-11-09 00:00:00-05:00,0.01600213357037572,0.028051803936572473,0.013913668247605315,0.041339902389005756,0.018986887408289244,0.020143142808023873,0.03236116461377714,0.01890288230157955
2018-11-16 00:00:00-05:00,-0.023339250090688823,-0.012168146119820644,-0.019270211834389928,-0.009790112120345862,-0.03317585524043576,-0.005937518108679263,0.00018222903170772575,0.004729007408172503
2018-11-23 00:00:00-05:00,-0.06054805862144497,-0.0294885819534193,-0.04867510239595774,-0.02607541793146928,-0.04089500378928179,-0.031393046823202875,-0.014030712593772976,-0.03493865257703921
2018-11-30 00:00:00-05:00,0.06023702040576184,0.037307583339227124,0.034423440024066165,0.06273760095293085,0.05851809814185871,0.04029832212840323,0.02735166969400704,0.02438558667060242
2018-12-07 00:00:00-05:00,-0.049161040468433725,-0.06896540873017953,-0.030857669251585285,-0.055387598228685886,-0.04278184572298027,-0.06217278259588299,0.015650370980527795,-0.04944136268043209
2018-12-14 00:00:00-05:00,-0.00046416825490402935,-0.034647672542011954,-0.03090363781130523,-0.017667617978363248,-0.010060871054215603,-0.014405336115382195,0.006375916920939195,-0.011365648896331626
2018-12-21 00:00:00-05:00,-0.07436873117646957,-0.0539561408737782,-0.0878586226221647,-0.06379975968306204,-0.07809862088081233,-0.06584118558443687,-0.04493056080362279,-0.04684081108769078
2018-12-28 00:00:00-05:00,0.037162355768321165,0.03510303074932608,0.01675284538690991,0.031083566049807,0.04479534926648521,0.02441753452821538,-0.01821225970484608,0.030863740775106896
2019-01-04 00:00:00-05:00,0.0016286726760514902,0.028401694745107564,0.04943016449056725,0.008328425161969744,0.02929748735689186,0.02164022656990805,-0.0011356841928223949,0.023553091392126246
2019-01-11 00:00:00-05:00,0.033170779281537666,0.00989281520634111,0.03574414877789356,0.021521741652821502,0.03719136260494693,0.04174970298328451,0.008717284580261664,0.01930573587358464
2019-01-18 00:00:00-05:00,0.028485930243170587,0.06122489872985293,0.02951120197660173,0.025851224303280684,0.02132334329276775,0.03418349891341199,-0.0016908564799859027,0.023722955737172757
2019-01-25 00:00:00-05:00,0.008875232201564609,0.0,-0.014254219242755606,-0.012877264685881018,0.0020596904769498714,-0.0017099496989443352,0.003387352586414538,-0.00728806293301254
2019-02-01 00:00:00-05:00,0.011224094857269273,0.0019229420764230731,0.0311453289956658,0.020580211862030406,0.001494877725094268,0.025831541201439823,0.023068226153016402,0.0073415687480755665
2019-02-08 00:00:00-05:00,0.01979884153007716,-0.01458732399078444,-0.030050475986389658,-0.008925355788363065,-0.0005597424004641915,0.016555127213001786,0.02071501399353637,-0.015137278072519855
2019-02-15 00:00:00-05:00,0.02397438129584395,0.0296063595002094,0.05052427418055583,0.0323545834182819,0.02735007717234006,0.0358560279238227,0.000538650709384525,0.033776124283276365
2019-02-22 00:00:00-05:00,0.014650777969926754,0.0011350109008831932,-0.005444669032643401,-0.003231129754194373,0.009539909366329091,0.006870210465139248,0.024053217923128534,0.023862146619054503
2019-03-01 00:00:00-05:00,0.00990956522138764,0.008692348012026896,0.010492705954031623,0.004322138395564057,-8.992610803815193e-05,0.0026243673350312413,0.0014023729373762173,-0.014342049046119021
2019-03-08 00:00:00-05:00,-0.02144689307714731,-0.026976524013088143,-0.03837468611967265,-0.038192569105928165,-0.02421237317873215,-0.028006906175666813,0.007351594643212334,-0.004547119979177117
2019-03-15 00:00:00-04:00,0.04893059086213691,0.030648654162841238,0.03323633134402981,0.03280261722177924,0.023682482418560857,0.0019723847793782223,0.01861953970347563,0.016614337272820467
2019-03-22 00:00:00-04:00,0.004521005011134394,-0.04844136775550556,-0.0006107401681808566,-0.014892776459615509,0.009674365824499986,-0.014055631403065094,0.005155488765349325,-0.01931443898212104
2019-03-29 00:00:00-04:00,0.009274627166718563,0.014601205281282725,0.009928052301551693,0.01246971490042359,0.01952190378623664,0.02851236524635592,-0.0054711306540145,0.021535329875856934
2019-04-05 00:00:00-04:00,0.025945689236623437,0.034616804778257126,0.022534814679165738,0.00272445336673921,0.0322353765196679,0.026389264091725595,-0.0012034037354858862,0.041801739850921615
2019-04-12 00:00:00-04:00,0.011723119426248818,0.020300958849403417,-0.0007394481229719974,-0.0238041057268088,0.0068073800778614135,0.003506224661468771,0.0018933757270431784,0.005188212042760654
2019-04-19 00:00:00-04:00,0.01314906117255732,0.007369152939852075,-0.005476525847379454,-0.04331362330002264,0.008029068236799164,0.013328024201231914,-0.015804804051483545,-0.005161433431672635
2019-04-26 00:00:00-04:00,0.00950907103770593,0.013167835899243974,-0.014436516276736255,0.035963568283767344,0.01173817235841823,-0.010088034980557992,0.014138462043590483,-0.012971392297310813
2019-05-03 00:00:00-04:00,0.0035641463967210907,0.013357123520864933,-0.029749378612844102,0.012920165140563045,-0.004723743334169472,0.011351783675484395,0.0034425303909386695,-0.007008906194229891
2019-05-10 00:00:00-04:00,-0.03373883169269831,-0.02101871817415979,-0.0031127104827189944,-0.013864382450468837,-0.02339721603393352,-0.027168300953801294,-0.005832080657929617,-0.026998201002169875
2019-05-17 00:00:00-04:00,-0.010501657849088741,-0.021834240985802,-0.004684084006055134,-0.0052860430676340275,-0.011765566862911081,-0.01901145494170997,0.014147874152794282,-0.008886554137924607
2019-05-24 00:00:00-04:00,-0.027593364335827153,-0.0007438831162946968,-0.03341195075841197,0.012663670077922351,-0.021396073653547787,-0.013900049317027041,0.01786309297346711,-0.01573643862803209
2019-05-31 00:00:00-04:00,-0.01923628773386865,-0.03164565733264735,-0.04625089871975463,-0.025457838341673922,-0.021951804505738415,-0.02344780659227319,-0.02640800994450576,-0.019334538316897798
2019-06-07 00:00:00-04:00,0.059814054225350244,0.04267592747319293,0.042538630792964494,0.04273626200288838,0.04362715155980079,0.050936998808239764,0.031072895847788384,0.07598349135716409
2019-06-14 00:00:00-04:00,-0.0011815043129101976,0.00442483141988137,-0.0042435274408509915,0.00263695420171306,0.02340646308509875,-0.004094172105668092,0.012487347666445325,0.005909854728535668
2019-06-21 00:00:00-04:00,0.032676349871068266,0.004356996799413482,0.051305761853370324,0.03156059984573756,0.012170287434500215,0.02659060788777068,0.01096656444323063,0.00250403493603657
2019-06-28 00:00:00-04:00,-0.003447637246382751,0.013960254583828657,0.002360053585719113,-0.011629129242252012,-0.0026769765059290185,0.0044111930237755725,-0.022298539973491405,0.014392200540951583
2019-07-05 00:00:00-04:00,0.024474482431475764,0.020290119915166382,-0.009731851313989792,0.011981855411105968,0.02097304755971141,0.0011621980236102836,0.017608793787464272,0.007179522461245869
2019-07-12 00:00:00-04:00,0.01488444674434608,0.00568164108558511,0.02139815811409651,-0.013973411350088338,0.019556182053477533,0.011353554368615182,-0.0011536768485311821,-0.009334710532553525
2019-07-19 00:00:00-04:00,-0.005545881716603307,-0.013418012846005856,-0.02607086300990169,-0.007356059788227176,-0.015473782090281607,-0.011991452965728011,-0.003960238424704943,0.0006851708822528391
2019-07-26 00:00:00-04:00,0.023546808827582977,0.026843268522177777,-0.004939461137499879,0.003378194672269741,0.011378503511308313,0.013557354813306999,-0.006459820027808205,0.011128376818644536
2019-08-02 00:00:00-04:00,-0.04286238593004654,-0.03799250766414253,-0.032826034684360295,-0.011078433497801243,-0.044111597389871804,-0.03414033444429765,0.002834310124920858,-0.029292299161294832
2019-08-09 00:00:00-04:00,-0.007084149993274336,-0.015579563081911552,-0.021523447237680404,0.0038443394101495,0.0016086377833455234,-0.005275574851948517,0.011970042987023533,0.006977205660176011
2019-08-16 00:00:00-04:00,-0.00267557415459041,-0.022083222926279733,-0.03519455350580736,-0.009299837669908051,-0.020289014857397536,-0.01485004099810816,0.008378454874030883,-0.019227430367650844
2019-08-23 00:00:00-04:00,-0.014179760659382312,-0.017689062908142983,-0.018589885950097584,-0.01976809965052162,0.005177191693223504,-0.015881600893858927,0.0016293682345185356,-0.02949491819118899
2019-08-30 00:00:00-04:00,0.030581489246789495,0.031417622195545114,0.027162091499714158,0.020730050383785725,0.026526096182665215,0.03610513810315297,0.017891796328796783,0.031665002858404234
2019-09-06 00:00:00-04:00,0.024770935419555773,0.019316588907211996,0.02696613074729326,0.0073952131664944964,0.02751283070129351,0.01900706102395744,0.003675428408518533,0.00970198525987831
2019-09-13 00:00:00-04:00,-0.004171776495256685,0.03826531786473408,0.03472794605192786,0.002629482898631963,0.0044761840080638216,0.027849999104964995,0.002069476910183665,0.03319349854034703
2019-09-20 00:00:00-04:00,-0.008008203089031607,-0.009366505283330495,0.012450261184565381,0.00953005069767765,-0.02131431093571845,-0.0142108723936486,0.022624112405610797,-0.008567412936537733
2019-09-27 00:00:00-04:00,-0.0071018709186772,-0.0003559720319609161,-0.026925686630226098,-0.029021575495926988,-0.005980669884907197,-0.003727034725798828,0.012995113651136814,-0.010798925112401103
2019-10-04 00:00:00-04:00,0.010791679608869842,-0.021731207707577416,-0.03773261317858245,0.008955367974106121,-0.0037602910394958222,-0.024638896412724987,0.001081960676700966,-0.024259093538152254
2019-10-11 00:00:00-04:00,0.01266301562353922,0.006918811066840114,0.00888811545503021,-0.0021079832378002594,0.011491395998219911,0.015738680108619008,-0.013123178370732846,0.018469105909271644
2019-10-18 00:00:00-04:00,-0.008091285264579806,0.01663668351238745,-0.014855887053138672,0.020235901040336568,0.013101952474057654,0.0018231951459461992,-0.00156455991387483,0.0027899031776426053
2019-10-25 00:00:00-04:00,0.024842456318652895,0.018854411603470123,0.04366145454058401,0.003269225526998376,-0.009085410706773267,0.0215746681815423,0.005327495536897153,0.013041478261841988
2019-11-01 00:00:00-04:00,0.021104519475585448,0.01675977362804515,-0.00403228802414346,0.030523581859067006,0.004873657401620157,0.020610992863669964,-0.0010911380717606445,0.012872998892550225
2019-11-08 00:00:00-05:00,0.017125459705822355,0.024725233934149493,0.023785411801726886,0.002740643200693338,-0.002548286545563161,0.019197423583692474,-0.03651118758903138,0.01965785684318999
2019-11-15 00:00:00-05:00,0.01300507802934825,-0.00301592925710481,-0.010051078463893415,0.02449275504739501,0.00024718291860170716,0.006726926322851545,0.01781392094930956,0.003157457510605255
2019-11-22 00:00:00-05:00,-0.007450809878649434,0.005714187119402858,-0.004161156572005997,0.008208667861040242,-0.008733732771999847,-0.007775374934520407,0.002386575984781869,-0.01706415789508453
2019-11-29 00:00:00-05:00,0.018131228798799803,0.00768705901866551,-0.01571120168673823,0.01251758481402332,0.01778738733159968,0.004530099312413105,0.0007936312669380996,0.011967094122591782
2019-12-06 00:00:00-05:00,-0.004537091504742574,0.006965425214204846,0.014093916720449018,0.009247384464834196,-0.005798365574230302,-0.011335630245266626,0.002537606130633696,0.0009993485024732962
2019-12-13 00:00:00-05:00,0.019713129045775712,0.011528131438503841,0.009879758738257305,0.00468055267813039,0.011746467025416596,0.007397161321258228,0.002531255321220449,0.005657012066033307
2019-12-20 00:00:00-05:00,0.019630185087065488,0.004109051961412424,0.027336746409641233,0.022254006119327707,0.014537820017247682,0.0016503449588207708,0.027212369634122435,0.012833123776461619
2019-12-27 00:00:00-05:00,0.010555150799444135,0.0029334166433145903,0.005215192912418232,0.002337016077357479,0.012043389842355756,0.0056485053336354785,-0.0032513597965231344,0.004599184734550565
2020-01-03 00:00:00-05:00,0.004678426283344583,-0.0006500632294789144,0.00853247787201461,-0.010110166059793313,-0.0017452178700609888,0.011599156658272047,-0.006834356373831341,-0.023544763405811797
2020-01-10 00:00:00-05:00,0.021767597558133067,-0.0019509758566220725,-0.009768372672333991,0.015409074091679242,0.004052967233819649,-0.0012068369305389126,0.007194302287991228,-0.0023441167702883403
2020-01-17 00:00:00-05:00,0.029358823527913414,0.011078360962430311,-0.01153636803524305,0.016439624711007905,0.013060039319772176,0.02006074333938379,0.03664597879183451,0.02618310539064561
2020-01-24 00:00:00-05:00,0.0031918988668135917,-0.020625264890951955,-0.04228698387455887,-0.0194276054991942,-0.015938773662712014,-0.010188778204284987,0.023966749673780985,-0.022898202553763958
2020-01-31 00:00:00-05:00,-0.02155402977760934,-0.014149483648269179,-0.056163965131285076,-0.03240294179744774,-0.0050020126727226,-0.02920378108624322,0.009069340046427232,-0.03531985730729115
2020-02-07 00:00:00-05:00,0.04573607271925484,0.03204296878508961,0.010104705645865408,0.03933825426793769,0.02385897010962723,0.0313155380543475,-0.005653796099097108,0.04268606694005883
2020-02-14 00:00:00-05:00,0.022770499419765278,0.008085238817507667,0.011115374265463718,0.008637538229224084,0.02634261040352537,0.011834892992809376,0.026242611534736948,0.006989546725797879
2020-02-21 00:00:00-05:00,-0.024715634560358968,-0.012832790418741524,-0.00806139451536192,-0.004810769195490283,-0.010555239862317767,-0.012405471726411266,-0.0008518907630729045,-0.002809265693253016
2020-02-28 00:00:00-05:00,-0.07436873117646957,-0.0847433091798579,-0.11154800732494925,-0.06379975968306204,-0.07809862088081233,-0.06584118558443687,-0.06984407451928734,-0.07997672520610373
2020-03-06 00:00:00-05:00,0.006110783825209465,-0.039112363796857674,-0.06118848218564055,0.0490228568297264,-0.010186976776895618,-0.008621412799626915,0.06460226527385328,0.015364133531602375
2020-03-13 00:00:00-04:00,-0.05308723440255547,-0.0847433091798579,-0.11154800732494925,-0.06379975968306204,-0.07809862088081233,-0.06584118558443687,-0.06984407451928734,-0.07997672520610373
2020-03-20 00:00:00-04:00,-0.07436873117646957,-0.0847433091798579,-0.11154800732494925,-0.06379975968306204,-0.07809862088081233,-0.06584118558443687,-0.06984407451928734,-0.07997672520610373
2020-03-27 00:00:00-04:00,0.08101082722419432,0.08036975182909749,0.10518840148377337,0.06273760095293085,0.07538598246440475,0.07199231193710982,0.06460226527385328,0.07598349135716409
2020-04-03 00:00:00-04:00,-0.018704363973041538,-0.0652070049918353,0.05294749229434914,0.021061231435465455,-0.057521838922510504,-0.04330110046894731,-0.06984407451928734,-0.03727968973914664
2020-04-10 00:00:00-04:00,0.08101082722419432,0.08036975182909749,0.10518840148377337,0.06273760095293085,0.07538598246440475,0.07199231193710982,0.06460226527385328,0.07598349135716409
2020-04-17 00:00:00-04:00,0.047652580798371424,-0.042343724090327495,0.001179474248865775,0.06273760095293085,0.05858642603893571,-0.001898099459023972,-0.004931921713385745,-0.022559499611388256
2020-04-24 00:00:00-04:00,-0.007057880134418992,-0.029031102191574454,0.01973507711777156,-0.00486221128949027,-0.006021744365323989,-0.02424721719782985,-0.036510863108103475,-0.007958277720454765
2020-05-01 00:00:00-04:00,0.0030463833032083887,0.014719414246841867,0.03552863440032694,-0.024528734674140407,-8.896010111092423e-05,0.011369237736360338,-0.04183813178934881,0.018651902570010925
2020-05-08 00:00:00-04:00,0.0661416361514866,0.010426154391594666,0.08172943052660897,0.016150501683864338,0.04472565463680511,0.013489664314764171,0.005010686887656268,0.03327447904951786
2020-05-15 00:00:00-04:00,-0.013821241565138975,-0.055630124240290235,-0.07194442331843465,0.010159834854612804,-0.015180139241427026,-0.05783549683633138,-0.024038292339420564,-0.030678278651641522
2020-05-22 00:00:00-04:00,0.032309732282288506,0.04133010779866253,0.06918607789320586,-0.007966528835838371,0.04979228133064062,0.07199231193710982,0.030469006685811983,0.040495287031014904
2020-05-29 00:00:00-04:00,0.015338466802456985,0.06797448251182403,0.00727632622203056,0.034029395262727746,0.02441646870497416,0.05999365796053646,0.056834064681308805,0.04761012656201857
2020-06-05 00:00:00-04:00,0.03511276339351266,0.08036975182909749,0.10518840148377337,0.0019413749056180762,0.05684833670276257,0.07199231193710982,0.025129825768648528,0.07598349135716409
2020-06-12 00:00:00-04:00,-0.0197219267809412,-0.0847433091798579,-0.11154800732494925,-0.05435505399284124,-0.04502862602598534,-0.06584118558443687,-0.04118329858104364,-0.07997672520610373
2020-06-19 00:00:00-04:00,0.028467772810611525,0.0062946699131885,-0.006278390982780491,0.032274652322376696,0.016275823564029457,0.005957735022848576,-0.020112287460799738,0.020712198759656797
2020-06-26 00:00:00-04:00,-0.004109294994254831,-0.052375443527003185,-0.06549983540128879,-0.028058905510901067,-0.026234643632884413,-0.04039240322467841,-0.03216769305550027,-0.024752699572400783
2020-07-03 00:00:00-04:00,0.03673437155637038,0.01727206207156562,0.022734141584231926,0.041944517510467794,0.04654538614430903,0.04293933166462938,0.04929321568597378,0.055790103318785755
2020-07-10 00:00:00-04:00,0.026693156021641462,0.02133203939165229,-0.0482059314639518,-0.008759877182745734,0.0293415170814455,-0.014061963685464307,-0.0022451556732824285,0.007995851925272524
2020-07-17 00:00:00-04:00,-0.011565589023432965,0.020886844015295836,0.03235803458567932,0.05143474268730319,0.003975473021575304,0.05866792457104886,0.042236293635415256,0.05466468676272562
2020-07-24 00:00:00-04:00,-0.01525781904737955,0.013360954662027691,0.022349451536101572,-0.0074605070627449255,0.01270214912233314,-0.0022224305035567493,0.001162781922455336,0.005068415760524747
2020-07-31 00:00:00-04:00,0.049714872649613495,-0.009888745483549122,-0.03945590638641783,0.004091040983245309,0.01077149401550459,-0.0015311808638864832,0.009123991303896739,-0.01805748872820423
2020-08-07 00:00:00-04:00,0.02997376992883427,0.03370813755710356,0.0319173765900338,0.00833912977543294,0.02467161135754936,0.047399829829975815,0.01085005975815534,0.022365970977593852
2020-08-14 00:00:00-04:00,0.0012308212566800592,0.013687259337974433,0.027165179769156778,0.00366491902815147,0.022866246363852483,0.03194478290633751,-0.018051831177093858,0.014908416819097603
2020-08-21 00:00:00-04:00,0.035651472982121124,-0.034551347023241474,-0.05655891352376485,0.00018727017457265127,0.01803755947407315,-0.013930124599864868,-0.015899409953869736,-0.011815557229946871
2020-08-28 00:00:00-04:00,0.04425985841691382,0.043192287610520186,0.011379130487267464,0.011046716938237555,0.029757959983369497,0.030608260375047047,-0.0058900819910808755,0.033608162472396286
2020-09-04 00:00:00-04:00,-0.040922319513028715,-0.0027602472687549007,-0.04308471377463363,-0.02129616659520084,-0.022387566584361585,-0.012057219240935058,0.005078522490152393,0.007347096179216361
2020-09-11 00:00:00-04:00,-0.04368451976038834,-0.022933876348380178,-0.06452520581408527,-0.010501577267843065,-0.007406925129483488,-0.0029549238356869623,-0.007411178558297649,0.009776782649909332
2020-09-18 00:00:00-04:00,-0.010623359303999491,-0.0012140085790953714,0.030349471391597937,0.009083213204435836,-0.014924285350499722,0.015075333136780777,-0.006957160542944707,0.00998912166879018
2020-09-25 00:00:00-04:00,0.02176447403048476,-0.04298238719673064,-0.08727997818969013,-0.019995687215457525,0.002339825376079352,-0.025294570958089846,0.012047124286415523,-0.04512955208511882
2020-10-02 00:00:00-04:00,0.008776477770204627,0.034482621444793304,-0.028827111038800535,0.011065824972022131,0.03022509767276449,0.01464248686204428,0.03354925059532876,0.013448684426931035
2020-10-09 00:00:00-04:00,0.04558885110686606,0.03827193568276188,0.05049471691318508,0.04032250104215618,0.03453182033901858,0.039943047735118364,0.04597125549331915,0.05071097760604859
2020-10-16 00:00:00-04:00,0.00782171855061864,-0.009512625379088924,-0.019486791872136977,-0.004060791486198201,-0.0035205775322466604,0.01102729748076059,0.0081914978664408,-0.0036086442291731746
2020-10-23 00:00:00-04:00,-0.022126759301982712,0.010404115710824557,0.0066246405788605855,-0.0009263930249273633,0.0009160592626340502,-0.005269489506888103,0.011718751887051848,-0.00407409574998141
2020-10-30 00:00:00-04:00,-0.06399873708109072,-0.05504938450503072,-0.05495216292990779,-0.05713237985430353,-0.06549451515213378,-0.06529524827259003,-0.036602246029707186,-0.042727471919688065
2020-11-06 00:00:00-05:00,0.08101082722419432,0.04610225663635936,0.007311968392601953,0.06273760095293085,0.06847584106514337,0.07199231193710982,0.028053842226379633,0.07598349135716409
2020-11-13 00:00:00-05:00,-0.0031253872412250194,0.08036975182909749,0.10518840148377337,0.020014375995589306,0.00451698214650853,0.054339711820749814,0.03056283325145559,0.01485291280355705
2020-11-20 00:00:00-05:00,-0.008993386217337807,0.005549192773450118,0.05696556622211579,-0.029611232582971048,0.0015638482508200102,0.010494523042480441,-0.03858356963228249,0.01086792276746329
2020-11-27 00:00:00-05:00,0.02123052376653045,0.04746143678995174,0.0865679594572557,0.005882245324458246,0.02947514459645051,0.024925068046340204,0.0034622431774005147,0.027952918401669358
2020-12-04 00:00:00-05:00,0.027555907858181516,0.01791355843910325,0.044204716519618215,0.0283260836185959,-0.0012009349334575203,0.004390924621567427,-0.021173249360948887,0.000976222868827703
2020-12-11 00:00:00-05:00,-0.01380534997575067,-0.017943473336908933,0.012059963758863201,-0.007641599371341901,-0.01094712623012073,-0.004932133595156207,-0.002723669291941566,-0.012259579044715974
2020-12-18 00:00:00-05:00,0.03177812337668251,0.0010542636020909324,-0.041828591104980606,0.011819409747590104,0.023608211122990053,0.0007884186505808799,0.0008030958895923757,0.018476390037489132
2020-12-25 00:00:00-05:00,0.008659393757733058,0.021596384773775013,-0.019547509603858537,-0.009472425579596155,-0.011359172229311376,-0.005357429756721377,-0.009033658998482186,-0.0037713613214989117
2021-01-01 00:00:00-05:00,0.0074384948976198295,0.018307372970424618,-0.005771363672450902,0.017673080635469685,0.01836826015968085,0.006250035412873167,0.024342512739316646,0.011315765484630536
2021-01-08 00:00:00-05:00,0.0056915543000004565,0.0488468009150933,0.0928761770512716,0.03482006737495125,0.04981984702648168,0.011970576229656693,-0.005901227968974743,0.05691411237978561
2021-01-15 00:00:00-05:00,-0.02554324691444365,0.0006467680934243436,0.03210982481294189,-0.003577842746575244,-0.017714317807770663,-0.00870432575545077,0.010588733200560752,-0.01529199534926684
2021-01-22 00:00:00-05:00,0.04245817513097783,-0.019392437624249026,-0.015906377144058625,0.005300528554225359,0.025934908774941867,-0.0036023332533694497,-0.0023812329887717976,-0.012742369386062213
2021-01-29 00:00:00-05:00,-0.029361176200409234,-0.04581404737283179,-0.06536715698468953,-0.02177062593457879,-0.047560551936603135,-0.04225547740711266,-0.010980430585933787,-0.05028226265133717
2021-02-05 00:00:00-05:00,0.04956221817964046,0.0670119756305041,0.0824009200325897,0.005563747928486462,0.06308280183099058,0.049781885504353696,0.02316984764119434,0.040911689594156364
2021-02-12 00:00:00-05:00,0.024164703442113744,0.02039505753482551,0.04957682410176911,0.013918841317433372,-0.01108987135741879,0.014720988102018717,-0.01525397101006476,0.011016014101405958
2021-02-19 00:00:00-05:00,-0.018327607264188694,0.02823593815693326,0.03380360171603791,-0.024471224163964966,-0.004110037348263984,0.007530297160195598,-0.019322869361120598,0.00955030313451899
2021-02-26 00:00:00-05:00,-0.03939711002072843,-0.0030853613233869925,0.042659155093180745,-0.015732878992134602,-0.04993480885942658,-0.00406677945656897,-0.049666093633569997,-0.019986142383892402
2021-03-05 00:00:00-05:00,-0.013313967020165407,0.043330277610501566,0.0996885904767173,0.0036408235744853634,-0.02686955801835833,0.031232826144926618,0.022618158932820043,0.023929130972923263
2021-03-12 00:00:00-05:00,0.019077189917366955,0.03144470425265378,0.01170914319905303,0.013979715587420838,0.06344854493327068,0.035637763927993005,0.04574404581493807,0.044880973287337644
2021-03-19 00:00:00-04:00,-0.013773494218447091,-0.01581831106046161,-0.0754153901451482,0.004101319364111511,-0.0019190266050235216,-0.0030998142206278834,-0.0033647213048488833,-0.008768718914915818
2021-03-26 00:00:00-04:00,0.025848910852953377,0.00883500829938133,0.02897359080399875,0.02047572726033442,-0.0007579811459320629,0.02231327776570824,0.02803718772871422,0.02598130869115267
2021-04-02 00:00:00-04:00,0.021180451011497237,0.002909618679666881,-0.002379378717779268,-0.005383737997277094,0.02023352338469042,0.004678577677244444,0.008035425571867316,-0.0025100242483794277
2021-04-09 00:00:00-04:00,0.04642770946106034,0.019727302094764365,-0.04213888860919013,0.013403150394351693,0.03872036804788781,0.017513802328156025,0.013129023150858288,0.007044979387291539
2021-04-16 00:00:00-04:00,0.010792095604346796,0.007112308625473185,0.004357974192263914,0.029928121184941592,0.022104836330274047,0.006268116341531904,0.03687127637934551,0.03260471069957149
2021-04-23 00:00:00-04:00,-0.004187012087267683,-0.0005649804156387939,-0.017768713385726387,0.01810981912691645,-0.011397176932477215,0.004152526531888245,-0.009373517155588096,0.0030244716020531026
2021-04-30 00:00:00-04:00,-0.02102297370261208,0.02487272617368297,0.03891452109147253,-0.01900058919164982,0.0061860576624883645,0.003643499219571078,0.002102742654439105,0.001567806530028415
2021-05-07 00:00:00-04:00,-0.0047962563025879534,0.041919550006504824,0.08584737929021324,0.022583013397218243,-0.007265808319298905,0.03355217777965391,-0.010191862616827252,0.058164987578442684
2021-05-14 00:00:00-04:00,-0.021937689770266222,0.00264683489101869,-0.002610390084797576,-0.0049969590192646685,-0.0387345046546862,-0.005885081604716791,-0.001968531279102348,0.0004550263389517806
2021-05-21 00:00:00-04:00,0.0015442605987365798,-0.007919760096760431,-0.02486453143654299,0.007371308584651404,-0.012826287355442112,-0.0161368281897879,0.003793058255536108,-0.014901667519846784
2021-05-28 00:00:00-04:00,0.016227528554913384,0.01091028161510521,0.0009583965975932252,-0.006111297383346259,0.025452269962805918,0.020186420505955205,-0.01511490132090787,0.007621495468782324
2021-06-04 00:00:00-04:00,0.011704905375565788,0.012634987844706735,0.06780335128795989,-0.012216912374882538,-0.01047197862600302,0.0020929637456570394,0.0035298169354889275,0.007448819716395327
2021-06-11 00:00:00-04:00,0.013926614846057506,-0.023655207236301545,-0.006636693671632332,0.02014911656727958,0.01274633159327676,-0.01737254937151156,0.01101073476500325,-0.02036157952004647
2021-06-18 00:00:00-04:00,0.0008454254830057018,-0.06203400312639196,-0.053990875980950204,-0.006503407721941357,-0.006062155221934651,-0.037677541456025976,-0.03040378254371756,-0.06247101913648745
2021-06-25 00:00:00-04:00,0.02397249010058755,0.052406817524359495,0.06710369464027344,0.01980371694809402,0.03504844665086204,0.0307565870070845,0.005879984403958316,0.02163184098648241
2021-07-02 00:00:00-04:00,0.03188047223818313,0.0002707721087200632,-0.01174518319507567,0.020604682790713147,0.018040924471684816,0.00918419931676051,0.0006252247754874318,0.009131678168607715
2021-07-09 00:00:00-04:00,0.008941375018245878,-0.006226294447114644,-0.033644512495445866,0.0032737457644951284,0.007452781658164653,0.0019363132944056893,0.00905958928325612,0.0012067323466855573
2021-07-16 00:00:00-04:00,-0.005952214679141532,-0.01607185241981124,-0.07890228702378577,-0.0006990969923478252,-0.024549344660878325,-0.015267163588885468,0.02585142492349002,-0.022776851007352716
2021-07-23 00:00:00-04:00,0.028077261436284306,0.003875705677733654,-0.0032868513457302573,0.02223603917707284,0.029548950930876616,0.01668125620639982,-0.008450481437699553,0.007892793818641275
2021-07-30 00:00:00-04:00,-0.007248227439334953,0.00717049924045976,0.017930688321524446,0.005095594815794691,-0.01549645892259821,-0.0024128184596958757,0.003957130874306269,0.028018735978408982
2021-08-06 00:00:00-04:00,0.009517371393641172,0.03669204559794714,0.0024297015515695186,0.005978077715379504,0.003214638646966028,0.0017414310479597628,0.022434249683085605,0.0014285493439829544
2021-08-13 00:00:00-04:00,0.0008396841379179065,0.019017569828110537,-0.0018178144923940431,0.005641681738247417,0.003038551160232217,0.014100935056914343,0.018235581541405477,0.027453955231254934
2021-08-20 00:00:00-04:00,0.004838851540459599,-0.023068910375525387,-0.0714285778424738,0.018101638299321765,-0.021700843272344006,-0.022571333281086847,0.018200439683740743,-0.030884697696411445
2021-08-27 00:00:00-04:00,0.014511311452069187,0.034756979606396676,0.07452603732867935,-0.010873491857994133,0.023758646517160864,0.022313167941438783,-0.02016315338246366,0.02590120226133763
2021-09-03 00:00:00-04:00,0.00860770215636908,-0.023845977380459238,-0.013993314275403401,0.016489717821024152,0.009238901257941246,-0.0031453859543256746,0.0141566006026983,-0.006748069721519201
2021-09-10 00:00:00-04:00,-0.017131083689606696,-0.012870963035082283,-0.01707108594230966,-0.026744696069522234,-0.003378623515474133,-0.02514571157046641,-0.014966266801417327,-0.015930610695537584
2021-09-17 00:00:00-04:00,-0.007342161783731482,0.0,0.032015161743526255,-0.0014266831445344241,0.006615822264334215,-0.015986632540010204,-0.029948690645987597,-0.031901259651829106
2021-09-24 00:00:00-04:00,0.009683999693887557,0.02143349781564141,0.04457391892091289,-0.004172387605185457,0.005793271673950606,0.008429185779468273,-0.011547539911759386,0.0011608639912339402
2021-10-01 00:00:00-04:00,-0.032799582058134824,-0.0018314338117194628,0.05776035279052749,-0.03523257378777056,-0.022174118420101974,-0.016559289172873748,-0.019343121272563102,-0.008634507079389508
2021-10-08 00:00:00-04:00,0.002573052531892994,0.022804541770300002,0.05070568725720581,-0.003062912263714357,0.010121722776276876,0.017846535469866698,0.013932592071357774,0.010078671400342687
2021-10-15 00:00:00-04:00,0.02599360344440438,0.012557824867196477,0.013434959307061067,0.00811402853662413,0.034933850285273405,0.019217442247332128,0.014049571098281977,0.03658530398326687
2021-10-22 00:00:00-04:00,0.01603496953686756,0.028094096547996328,0.010814508128011768,0.028912888584571306,0.019787556449072152,0.01856352554629237,0.023903845663701295,0.008080705250813836
2021-10-29 00:00:00-04:00,0.019695901939885907,-0.008862543960513558,-0.00828296839543563,0.016328847713010575,0.04357960994012067,-0.0029581339102030535,-0.005055851513877885,0.0034187529591711563
2021-11-05 00:00:00-04:00,0.034358940645673464,-0.00596116021305737,0.013746154604358685,-0.007173901723359188,0.050260977796602324,0.018183727286323448,0.004632992808415226,0.031719616400708306
2021-11-12 00:00:00-05:00,0.0013765072702822678,0.00324821091050298,-0.012186798877519167,0.007150602490464619,-0.03535931542986048,0.004793473028485096,-0.008479521585638028,0.02596243429970002
2021-11-19 00:00:00-05:00,0.023907621050802463,-0.028144573662114536,-0.050043394365802296,-0.006277874516143367,0.03744061690926759,-0.010944677248856838,0.009752239279021468,-0.019867110721896952
2021-11-26 00:00:00-05:00,-0.031054709633386524,-0.006406703639179945,0.016645425082434828,-0.007520300704779825,-0.034764969263858636,-0.023834389418809998,-0.008023364524032295,-0.021628086347061815
2021-12-03 00:00:00-05:00,-0.005180800585949941,-0.019087022468050607,-0.007916503902244187,-0.012123949368033626,-0.02165926775690097,-0.009785834452325615,0.009586358577306164,-0.012615866786575336
2021-12-10 00:00:00-05:00,0.05904409784336728,0.026820760444944858,0.03808482710386052,0.03229258483006259,0.026746870216671326,0.030822021998039517,0.025964492723427268,0.03504878550867829
2021-12-17 00:00:00-05:00,-0.0400274015487363,-0.011779616766319445,-0.050139926516365896,0.024818031726245415,-0.04731928499510796,-0.02762233739247366,0.012436813229677046,-0.0072479261654836424
2021-12-24 00:00:00-05:00,0.032089428667360975,0.010779343250995721,0.022822753903651183,0.013887323867535883,0.04201039514624272,0.018274524459249486,0.003685132179502615,0.012519944446845788
2021-12-31 00:00:00-05:00,0.0053774219281867985,0.005924845986316596,0.010929097457577308,0.011414082579684015,0.006151999800571906,0.018187192552612474,0.026678458524334037,0.026044755328344493
2022-01-07 00:00:00-05:00,-0.04566622176532964,0.05428932239234707,0.10518840148377337,-0.04641901653792835,-0.02426140525189935,0.006426549623572253,-0.016345392732740716,-0.014457389323275893
2022-01-14 00:00:00-05:00,-0.001024395178633175,-0.008258158028367601,0.05167913692873438,-0.0020841654374356144,-0.014838390889365005,-0.0060098676727704525,-0.014344651116517282,-0.005599068584001388
2022-01-21 00:00:00-05:00,-0.06895494348160436,-0.06441357644492796,-0.031933031568433856,-0.03431051985862377,-0.07809862088081233,-0.04393028140403821,-0.008069410976029534,-0.05360380024531408
2022-01-28 00:00:00-05:00,0.023779995891527683,0.013612648122216964,0.0509208240216843,0.007800950238744164,-0.012858960607820769,-0.01482212745605993,-0.012783165899396987,-0.009757186457021727
2022-02-04 00:00:00-05:00,0.010126620521651697,0.035640354582469946,0.04982470982713161,0.013948633524972553,0.03537341494825674,0.0041122859741888895,0.007651763561043579,-0.001201370659631218
2022-02-11 00:00:00-05:00,-0.029511354092959463,0.0002493352578276653,0.021915911725234105,-0.015494939561920273,-0.021258107843542873,-0.007491715600858151,-0.021174269671591972,0.010586828916797408
2022-02-18 00:00:00-05:00,-0.015817813468027353,-0.022188848616331858,-0.03351804439950601,-0.021036641782045118,-0.0026593166991596418,-0.010265721662039096,-0.012084124590481804,-0.0016667304101856129
2022-02-25 00:00:00-05:00,0.012529636325449012,-0.0030596739404606943,0.012196823004862578,0.026978290888746592,-0.021166876421261804,0.00803358031156387,0.02053778362908587,0.005723919050655724
2022-03-04 00:00:00-05:00,-0.029802511602033954,-0.04782615647171706,0.09218943828410708,0.011989280126652124,-0.0260514457797979,0.012710342431252908,0.04897895119089313,-0.015176621195398532
2022-03-11 00:00:00-05:00,-0.03799642877777232,-0.022293645764140835,0.021533763869760136,-0.027014650899095605,-0.028438206428973434,-0.024404732920286776,-0.006489019996665846,-0.014567852094084954
2022-03-18 00:00:00-04:00,0.07642635338424952,0.07142821296365587,-0.038646646997545275,0.06243236797082319,0.07538598246440475,0.05003061022700317,0.005395307026215379,0.05192422764149485
2022-03-25 00:00:00-04:00,0.02219896623950257,0.017298426507371012,0.07611375965806344,-0.002153359042128211,0.009686093023267839,0.011912408745383019,0.0346888478200853,0.04095522758578407
2022-04-01 00:00:00-04:00,0.0015167180246746792,-0.03289472809125016,-0.02146049482809198,0.013209387048586319,0.010198608217751204,-0.014847826579010293,0.03737285818351843,-0.002352068928183737
2022-04-08 00:00:00-04:00,-0.038180008296625934,-0.008634271002334382,0.03205327639740485,0.03447517830521751,-0.031042453677727733,-0.025249330618959065,0.01933773667751404,-0.006735451342608223
2022-04-15 00:00:00-04:00,-0.03785860923893547,-0.026392116259180254,0.004023501874123037,-0.02933578932495462,-0.006017480385409946,0.0034135621612509937,-0.011304625700274684,0.0065550416330733
2022-04-22 00:00:00-04:00,-0.024276968319857595,-0.019517552753623546,-0.045710613774887277,-0.03584793435859146,-0.014461662665972375,-0.01510902198781705,-0.02418189505665369,-0.03727823529217622
2022-04-29 00:00:00-04:00,-0.011601896930742206,-0.04589441487488555,-0.01377943164415929,-0.02528635081482833,-0.07359795708181649,-0.0334247973099413,-0.04026919862838685,-0.008280838094178788
2022-05-06 00:00:00-04:00,-0.006010457788703016,0.006664726303312607,0.10339280331183764,-0.0039143004129840175,-0.0290401042822811,0.0039939165911817565,0.013331264689493194,-0.005879978909470562
2022-05-13 00:00:00-04:00,-0.033506609870674775,-0.03482991757769782,-0.02580784796583946,-0.009092149129523941,-0.03686375396396069,-0.025334913367066836,-0.010802003436613306,-0.024133485844280766
2022-05-20 00:00:00-04:00,-0.03533041531012737,-0.018192737629757816,0.012255564346993708,0.009175574824174415,-0.07809862088081233,-0.03609020946114516,0.0043401950098509445,-0.0008487522500595368
2022-05-27 00:00:00-04:00,0.07935294009313143,0.08036975182909749,0.0826711662742512,0.03267067736489304,0.07538598246440475,0.06385127189994133,0.050599329985180796,0.05993694976794761
2022-06-03 00:00:00-04:00,-0.010391235224765039,-0.01967958855138452,0.011069279026590051,-0.03133855204239333,-0.004942666014004948,0.0008378427700332924,-0.013533248440964929,-0.007898482212853608
2022-06-10 00:00:00-04:00,-0.0635762712718344,-0.06710623617080413,-0.008937534300798244,-0.03335394882028708,-0.055751771150144847,-0.04929365091919791,-0.04048428629238454,-0.05769007935364001
2022-06-17 00:00:00-04:00,-0.04935537841646209,-0.04918536725768252,-0.11154800732494925,-0.04462512181487521,-0.0579358342349614,-0.05812422745277268,-0.06984407451928734,-0.07997672520610373
2022-06-24 00:00:00-04:00,0.07363798960616452,0.05116049738440975,-0.014929406359086572,0.06273760095293085,0.07538598246440475,0.0426598130265019,0.06460226527385328,0.027619140927464647
2022-07-01 00:00:00-04:00,-0.04526033264691309,-0.01422392416858842,0.013828718193628298,0.0037152157076381087,-0.04748651503694512,-0.008106403804858386,0.041153644125471844,-0.03060412435639781
2022-07-08 00:00:00-04:00,0.04285377834373594,0.006273639856067881,-0.022458118846895636,0.008174115184516717,0.04542550180322458,-0.002156556654565045,-0.028253448202730236,-0.014840867397100888
2022-07-15 00:00:00-04:00,-0.0036877645609872944,-0.009351821366213375,-0.03326273599523666,-0.004130377065372448,-0.010452861328534846,-0.012171565061978251,-0.0008593240072415353,-0.013420926504444819
2022-07-22 00:00:00-04:00,0.036561505903203395,0.030522433985815445,0.03732344845797719,-0.002841707215228473,0.06842009771873148,0.04157065934526827,-0.004730286930533789,0.04192099757559964
2022-07-29 00:00:00-04:00,0.05101278566498069,0.02931278575334484,0.10217822938565746,0.019795023841469916,0.0522134136400596,0.05737991089377292,0.06460226527385328,0.04090044655242009
2022-08-05 00:00:00-04:00,0.019414888975629152,-0.0005933603537205956,-0.06809497245546203,-0.007175193583769501,0.00908931506975863,0.005018700335472692,0.0037866316561274704,-0.013055017804844415
2022-08-12 00:00:00-04:00,0.024418665358655556,0.055506222103683944,0.07375495787309028,0.016508040579734207,0.034081855505910585,0.03870176218493904,0.03354416894611023,0.052003625844023516
2022-08-19 00:00:00-04:00,-0.01659941186954017,-0.0168728039893985,0.012616368471613848,-0.005238593220819765,-0.014007300802911238,-0.010016193091369918,0.012773879952811429,-0.024038290934291662
2022-08-26 00:00:00-04:00,-0.05556675540465428,-0.03546905213257601,0.04253709570256925,-0.042356409349541324,-0.046857381561769884,-0.03358964339440418,-0.0256112962108902,-0.012631152226355136
2022-09-02 00:00:00-04:00,-0.0502576253850634,-0.024614582313232547,-0.03476591676820007,-0.018068894458620588,-0.026239923659110542,-0.035175796437435514,-0.014661269988720083,-0.048867797192474804
2022-09-09 00:00:00-04:00,0.03274372844905438,0.04469446726872217,0.008004050170704824,0.044083387311761424,0.05781704891493189,0.0339626676264948,0.03726544395391085,0.05003360730677264
2022-09-16 00:00:00-04:00,-0.061880051806888825,-0.03783465034705136,-0.02679879922593964,-0.023371604152722325,-0.03976154865331405,-0.06380518656079803,-0.03760655092046583,-0.06622273471416718
2022-09-23 00:00:00-04:00,-0.03624052292185964,-0.05585794373375774,-0.09168265323485048,-0.03319562283821431,-0.07099820181358474,-0.04544695925574982,-0.02986396758985166,-0.05600759750825224
2022-09-30 00:00:00-04:00,-0.04008407591634067,-0.02222205756761697,0.02185015506346666,-0.013199783480475902,-0.027113830906343228,-0.02253690726301094,-0.06984407451928734,-0.006137656287006021
2022-10-07 00:00:00-04:00,0.016753654092203085,0.017457000463171557,0.10518840148377337,0.01246806886449714,-0.012635940814336943,0.0280059459153279,-0.026713542932164658,0.021320139267533067
2022-10-14 00:00:00-04:00,-0.032872226432728247,0.0038847264121695257,-0.018582128174651547,0.010438722354692453,-0.03825086611618722,-0.0049319825894588165,-0.02525081021964215,-0.01842781904526425
2022-10-21 00:00:00-04:00,0.06455468183510749,0.03805219244795888,0.08283512801485693,0.021307518873805664,0.05270925089507239,0.046613132873832175,0.018664427943345663,0.06072187519476313
2022-10-28 00:00:00-04:00,0.0421426867111121,0.06213114210046067,0.02668815238132005,0.049944456753750366,0.017977517725496384,0.06686222245536899,0.06460226527385328,0.033600528205641744
2022-11-04 00:00:00-04:00,-0.06629129174303539,-0.008189689220825636,0.024313873506504713,-0.015429600831808887,-0.051462424720207456,0.0047557175707952926,-0.00474715489305344,0.008963276938236397
2022-11-11 00:00:00-05:00,0.08101082722419432,0.05780025446148285,0.018704791867109938,0.01773580427614374,0.055199901103409,0.046912923524220274,0.014756196076443295,0.07598349135716409
2022-11-18 00:00:00-05:00,-0.007886380462690634,-0.013939290033852636,-0.016106562984204542,0.010816483902065688,-0.02825811398240452,-0.0009042378716304089,0.011310268805474921,-0.015507883199596395
2022-11-25 00:00:00-05:00,0.011431775855402782,0.020921820265104696,0.002619328526211495,0.019172121249071417,0.011631831434216089,0.018704709633325267,0.030355880620696718,0.029753710431464242
2022-12-02 00:00:00-05:00,0.013173644726661049,-0.004984707484307793,-0.016980471412443188,0.019175977411437506,0.02334723007643169,0.010167769894092737,0.001268541175303728,0.016875385682826982
2022-12-09 00:00:00-05:00,-0.032875355741090684,-0.03896474126549443,-0.08448688831616202,-0.01287735328184203,-0.04473821286701973,-0.03185756792989569,-0.0028155650354778627,-0.03319028101641108
2022-12-16 00:00:00-05:00,-0.02620123488982473,-0.024037115624918837,0.020319259606002227,-0.017756302381994327,-0.03958965264860015,-0.009791201974580499,-0.004941385767174622,-0.023462603125140924
2022-12-23 00:00:00-05:00,-0.01978536733113112,0.013735432319612606,0.04263500104254825,0.008342657128522335,-0.030806519851176772,0.007743285755098972,0.014333168376763572,-0.0006492911938454915
2022-12-30 00:00:00-05:00,-0.0012839660242260909,0.00736371091490895,0.00470928839210627,-0.0018371445897850114,-0.0020860550889153506,-0.0018295232167245823,-0.005782167041182507,-0.010697513072312259
2023-01-06 00:00:00-05:00,0.0023303794409288425,0.03450284796410563,0.0010288313884032618,-0.0013250756764011662,0.022530211479906637,0.027492178809241485,0.00709219028341268,0.03462903400962891
2023-01-13 00:00:00-05:00,0.04617989562575775,0.020915938516064214,0.027295511238142778,-0.0016215165485728988,0.05777237869359109,0.01536016840948684,0.004648125901846489,0.04255317240184531
2023-01-20 00:00:00-05:00,0.00651381840385179,-0.021317885991900765,0.005892400872294701,-0.01136940302536249,-0.005153827846588799,-0.03386688585949349,-0.0294409337984316,-0.012053833803148395
2023-01-27 00:00:00-05:00,0.04081008557967403,0.025459776805573986,0.008288926784434825,-0.007841212988586754,0.06410988207284385,0.02171932740922511,-0.004911076949399962,0.007489591364836956
2023-02-03 00:00:00-05:00,0.037088376149925883,0.009379164014055696,-0.057766007897800176,-0.001279338565509991,0.02339578226150696,0.016907230363306658,-0.014225452549525452,0.00012007227005850218
2023-02-10 00:00:00-05:00,-0.009804360296448378,-0.00273290016682759,0.049441713882312666,-0.0015073422735589759,-0.021143099191602288,-0.0069032314912612636,-0.0029450705354474582,-0.01654493280457936
2023-02-17 00:00:00-05:00,-0.003989308233017241,-0.0027403893774143873,-0.06340770852308164,-0.003773984469486069,0.01633486483436708,0.008713571062839875,0.011372000759213519,-0.008899067883653577
2023-02-24 00:00:00-05:00,-0.026677332602598858,-0.02006039326425857,0.0020120220157955337,-0.026365617057376944,-0.04456413777817825,-0.026400185802343046,-0.027307196078556584,-0.0013528419534923897
2023-03-03 00:00:00-05:00,0.0297598705299722,0.009253914373555938,0.030711090385664885,0.0051357037793153815,0.0170304390710716,0.03349637723830989,-0.005404549592384789,0.04199994533544049
2023-03-10 00:00:00-05:00,-0.031182991962780404,-0.0847433091798579,-0.05305966911386917,-0.03886344905126404,-0.05543016255068989,-0.04504681926221399,-0.027622802892884768,-0.07588644026852931
2023-03-17 00:00:00-04:00,0.05663987832434847,-0.05921650166690218,-0.06849830265451073,0.013773711208599826,0.022720581755220515,-0.023535382601835186,0.03958418857909818,-0.03415200538754104
2023-03-24 00:00:00-04:00,0.019672432862242184,0.005287554536028027,0.022513995604809933,0.015386450660376916,0.004755080318455951,0.006595795776879632,-0.011883490687553011,0.02164048299039778
2023-03-31 00:00:00-04:00,0.03459841893443416,0.03743140932715061,0.063422779745397,0.016967941579545176,0.056222420665075434,0.044061590208535506,0.030446174759000133,0.05012367202374546
2023-04-07 00:00:00-04:00,-0.012846586066116106,-0.004976745651377734,0.02595691825543378,0.03136091533489771,-0.03082796248831543,-0.03370246004873301,0.03131915858283629,-0.012769566328407533
2023-04-14 00:00:00-04:00,-0.00281778507084951,0.027821361395273803,0.026476841900684223,0.00786386240417003,0.013592899149810878,0.02106982596812701,-0.013178651462004032,0.016325488027695068
2023-04-21 00:00:00-04:00,-0.005987165201170486,0.01034060453311092,-0.0257939008654674,-0.002006371768886628,0.0031994029192354834,0.007813316317736962,0.01059668723815399,-0.0028419030993243055
2023-04-28 00:00:00-04:00,0.02077709942997652,-0.0015053182791183728,0.0017651034550776323,-0.005733504972189607,0.0033250805897919733,-0.006063196539065618,-0.009192858550887473,-0.001858718789734426
2023-05-05 00:00:00-04:00,0.002718350646454315,-0.0253239900033303,-0.057559028707799165,0.0004494384154343223,-0.004531256670339157,-0.0048997768959462284,0.0007249445993704473,-0.0110491000585341
2023-05-12 00:00:00-04:00,-0.001917568360819688,-0.013300354436253992,-0.021313713957338942,-0.01047977511149123,0.004348022644701466,-0.010350662732368954,0.0,-0.019583147796776945
2023-05-19 00:00:00-04:00,0.04325942767397084,0.021943528177307492,0.014263738517661162,-0.006657244987885336,0.025164022423829868,0.013200518042816745,-0.042300484247169035,0.00678617636112655
2023-05-26 00:00:00-04:00,0.04635503407703534,-0.015030595809686687,-0.010924153687613791,-0.028786750995396737,0.0027712101498122976,-0.014431806050353657,-0.02299198096016053,-0.030395408733886797
2023-06-02 00:00:00-04:00,0.012865468443177264,0.021488705447059164,0.014345525183374397,0.02187722564861061,0.033098783190141035,0.02643902788412622,0.008205787306860168,0.03056106138859982
2023-06-09 00:00:00-04:00,-0.005332394045150957,0.010670829072466415,0.017897606378329156,0.0007674336446628072,0.026751507584664047,0.014463872626737873,0.019502253103711453,0.005473013656950743
2023-06-16 00:00:00-04:00,0.043250380080003925,0.012971294102033015,-0.005779069042603835,0.01372471898482619,0.032134030887649656,0.029785123115512846,0.013706814383003474,0.03481007130510827
2023-06-23 00:00:00-04:00,-0.02417435969472037,-0.020640209632836193,-0.034857876830651335,0.0025216228500661853,-0.0035893714908852292,-0.016661828002603185,-0.025957351594928957,-0.020663549559851724
2023-06-30 00:00:00-04:00,0.03089250523426723,0.029627136147772015,0.04925028417310573,0.005530295364436721,0.026352450295563656,0.03911692982440784,0.006304725483748275,0.040165614514155124
2023-07-07 00:00:00-04:00,-0.015242035834791667,-0.0035595837679989195,-0.0046816526379314105,-0.028102184577621037,-0.002591330701311345,-0.01043604132204512,-0.0007640215487592084,-0.01966937948525249
2023-07-14 00:00:00-04:00,0.02791882212207142,0.019648703540404044,0.008169198766428742,0.020930230141641415,0.032768758455614444,0.02269295712063979,0.022327605167293596,0.02486469005118308
2023-07-21 00:00:00-04:00,0.0007954805584093894,0.02948892178750584,0.03499104788541296,0.03447248160940397,-0.022524815226332984,0.008654887318608528,0.024083630435394188,0.005885128312881349
2023-07-28 00:00:00-04:00,0.010276328008441915,-0.00170144190806365,0.018386577953652727,-0.007707097870906066,0.010410643301727696,0.005568190319121147,-0.020742100432673438,0.018149280280298052
2023-08-04 00:00:00-04:00,-0.03810259020172624,-0.00823882671999654,0.012463668427406871,-0.020637545237949473,-0.00700384729757364,-0.017429120948907917,-0.04549508156040738,-0.01993661465354679
2023-08-11 00:00:00-04:00,-0.02488919476022855,0.0002865859389429293,0.03428430438132879,0.02469757218039237,-0.01066755810203135,0.006005138646077102,0.009063919857336344,-0.010171179296788013
2023-08-18 00:00:00-04:00,-0.01162360838000398,-0.026918726871724474,-0.012124516616645375,-0.015773504645559933,-0.0415980169644834,-0.024336539659552847,-0.01672603821370955,-0.02284803512808875
2023-08-25 00:00:00-04:00,0.022732855185903622,0.00029442949821900655,-0.013737077066376169,-0.0008984985932615208,0.012295858763696765,0.002823938404296289,0.002205156372205197,-0.0003712984072564707
2023-09-01 00:00:00-04:00,0.04439565005995494,0.02059414839491036,0.03596287120472552,0.001199193697383194,0.030426103974559915,0.021212542440771864,-0.015558770773427044,0.03737616046834957
2023-09-08 00:00:00-04:00,-0.01935286982494977,-0.011242396482477601,0.014437047167633388,-0.011304964016511931,-0.005422143381728639,-0.029135984384665137,0.00862065947130719,-0.024098970915361617
2023-09-15 00:00:00-04:00,-0.02251301183195209,0.01545205926210036,-0.00043464137794768654,0.000984506898116022,0.01801483964450834,-0.005964099991318306,0.02785691289968062,-0.0011003952495529656
2023-09-22 00:00:00-04:00,-0.024504553163508747,-0.02927198432416156,-0.02218192605245639,-0.011394111831362741,-0.06155063939954086,-0.02662244834902261,-0.017510658105366783,-0.036252696703959364
2023-09-29 00:00:00-04:00,-0.0029196143316235768,-0.014557286967292304,0.012092758648910795,-0.010833504837379437,0.0003107700842264194,-0.004027855628209065,-0.06888924438159028,0.002296776459220551
2023-10-06 00:00:00-04:00,0.026169877587141954,-0.003919207022606175,-0.051554481035494204,0.0098648934919785,-0.002298349158376789,-0.0059183342653930104,-0.02850833713684242,-0.00712927560682719
2023-10-13 00:00:00-04:00,0.002437252929304856,0.005145209265649209,0.04502513059496671,0.001384562863973926,-0.010211136161758061,0.00962493343923465,0.03580781988164983,-0.004487905909960732
2023-10-20 00:00:00-04:00,-0.027812433145832482,-0.03041248762848836,0.007478691680653737,-0.01636076757348781,-0.045794757931610475,-0.029975447074334194,-0.021416660908677887,-0.030138837790055995
2023-10-27 00:00:00-04:00,-0.017201497344325745,-0.02329175622107027,-0.06237556861643101,-0.03841945620517295,-0.01384403883866292,-0.022897626447162533,0.012062938228158515,-0.004648230267209286
2023-11-03 00:00:00-04:00,0.06603789777789326,0.07408578981971714,0.02422325860457164,0.034675894831974086,0.07106094006923258,0.05350471954267699,0.053294651018123806,0.05123429556018699
2023-11-10 00:00:00-05:00,0.04517943134088109,0.0038483174827679267,-0.03772507443443218,-0.00894759516623389,0.007364798169148923,0.009350501605612793,-0.024894863525297573,-0.018149435899975863
2023-11-17 00:00:00-05:00,0.01827079263656861,0.0324388426106077,0.015345949821816918,0.01568080060423438,0.03556376062024458,0.02983899136810786,0.032659083681892964,0.03761613134925068
2023-11-24 00:00:00-05:00,0.008807472693648233,0.010568451320227545,0.0028337696516274047,0.022456098457016793,0.0065813433127654974,0.006912273550281345,0.006421522273721614,0.010589407089449665
2023-12-01 00:00:00-05:00,0.006344515183882349,0.022328887158880928,0.0010596845850878722,0.00533830280620351,0.01694008524727253,0.022569071028913035,0.013399398024511733,0.027489866572973476
2023-12-08 00:00:00-05:00,0.0058195725220404615,-0.0011057146224172643,-0.032815828514911716,0.0018204782779212003,0.012274255675502221,0.0020231554266141316,-0.0018889440900199395,-0.01703642127867555
2023-12-15 00:00:00-05:00,0.027001037113431048,0.03376678207451955,0.025173412152346142,0.01582487526502141,0.03475955197499947,0.0372613622320801,0.008831479783861784,0.03954608007832228
2023-12-22 00:00:00-05:00,0.00403616233818882,0.004681874727881841,0.017748925970003215,0.01091649278695761,0.003297940902219576,0.006449931663880637,-0.011882117992476182,0.012071316569208124
2023-12-29 00:00:00-05:00,0.002238819268663539,0.0069629154814230265,-0.013415064547334654,0.010072426141408908,-0.0037329722711700875,0.007601841762256756,0.01133834745764073,-0.0007007994906075288
2024-01-05 00:00:00-05:00,-0.04343295025539817,0.003989397306487508,0.010019242792072225,0.02009094372428577,-0.03461772149753528,-0.02245810181097274,0.018948214398706753,-0.014028570338556534
2024-01-12 00:00:00-05:00,0.04410163786132415,-0.003973545255747002,-0.023618405777706908,0.010063295556498764,0.007762823320355272,0.0061025512170915786,-0.018750918498674607,-0.01055249057640606
2024-01-19 00:00:00-05:00,0.04125048214828442,0.008776632563452846,-0.030358068231239654,-0.007543403919432312,0.005346045151293888,0.0030326984978055194,-0.03695520995297119,-0.014619533409025998
2024-01-26 00:00:00-05:00,0.007893253509744902,0.018982442878608285,0.05089199011487122,-0.0013624040826379913,-0.01835449494750363,0.008715048996993824,0.003771766560729528,0.0034050944288122054
2024-02-02 00:00:00-05:00,0.002428799482605992,0.008537995696171752,-0.00866488112416175,0.019530220744046423,0.03285186133440732,0.01895440835029394,0.004574436494604317,0.007029426328075239
2024-02-09 00:00:00-05:00,0.027689876674205305,0.002565441121634704,-0.002514168085081314,0.014226427867787717,0.014549998016392784,0.011853074583949352,-0.019840606578034325,0.0006016882960060421
2024-02-16 00:00:00-05:00,-0.025356005349583488,0.014073820610857268,0.02712753649853772,0.011179809029510102,-0.004891594352261608,0.009234890011983632,0.015928355643830105,0.024416704817669554
2024-02-23 00:00:00-05:00,0.013427453843008585,0.01690617840949149,0.004557657009777172,0.01538260837353933,0.012679980526750123,0.01855455762017999,0.011922254836583823,0.01949044902786312
2024-03-01 00:00:00-05:00,0.02664507382352377,-0.0002479669085690972,0.013727300897166117,-0.010280147420298147,0.020575003014724258,0.010813486920548732,-0.003873474695737955,0.013014000483167809
2024-03-08 00:00:00-05:00,-0.016179324941425932,0.008190554775927117,0.011820051563668832,0.0006149865688045431,-0.025456838115356817,0.006418799193164126,0.032890344114590686,0.015802576818267466
2024-03-15 00:00:00-04:00,-0.008295300350837476,0.004185110068673392,0.03844850779279407,-0.007307072590229224,-0.012534044244935205,-0.0021260173603943056,-0.004548948671139974,0.01622821504121119
2024-03-22 00:00:00-04:00,0.022499829819927042,0.019268158010738556,0.017329829972106747,0.004163225995137854,0.02846411409299221,0.029145838734014884,0.014617218478069072,0.009892359113517601
2024-03-29 00:00:00-04:00,-0.007812854568608807,0.01690006437359992,0.02175332231847782,0.01574524223556706,0.006403316306736739,0.005989935271234925,0.028029979891536216,0.016635623745422157
2024-04-05 00:00:00-04:00,-0.008738673642924688,-0.013057981502454186,0.03887286497080811,-0.03052863394776928,-0.027462235294709814,-0.0023022929086295996,-0.0074637336890616135,-0.0012919432406662823
2024-04-12 00:00:00-04:00,-0.004989146137737377,-0.03632424142534185,-0.019881766751566388,-0.030093386516797493,-0.009673311587115596,-0.0220417749554207,-0.014733044669049344,-0.03072109087943209
2024-04-19 00:00:00-04:00,-0.06274944381568137,0.007988053339212708,-0.012066880674776792,0.0002877832747447684,-0.0414996860729997,-0.01977224083247553,0.0191588911536702,-0.010676140497191788
2024-04-26 00:00:00-04:00,0.0379162031916922,0.01089641093099103,0.008107768305070318,0.007268753732201816,0.03622764710543791,0.018178832756285956,0.011615490175887588,0.0062949471191755535
2024-05-03 00:00:00-04:00,0.01361146162841842,-0.006614452086410316,-0.03311055119390838,0.006216281077509489,0.01136943349103725,0.0008967495724720997,0.033539813090506465,0.00011176583381322658
2024-05-10 00:00:00-04:00,0.014761735969512246,0.03156611035733525,0.013611409262520802,0.019597941253191253,0.0010679632529071448,0.023702877111211107,0.04180665329893185,0.02580131512731665
2024-05-17 00:00:00-04:00,0.03055382295306841,0.015778230278095107,0.0120431341663787,0.018942732281250985,0.0033688629472543585,-0.002784849518883359,0.015013199925127285,0.003375514785154854
2024-05-24 00:00:00-04:00,0.01590971643175232,-0.02071089015428751,-0.037805431732398476,-0.012917634970198932,-0.01768326162176348,-0.006941659350372609,-0.011611679994939283,-0.00857300704327324
2024-05-31 00:00:00-04:00,-0.02337469269422221,0.0007209545337127921,0.020028332432131313,-0.004985485609124374,0.0024495968619004937,-0.0076329094769421735,0.017062902032068283,0.0018608114092577566
2024-06-07 00:00:00-04:00,0.025885054437595256,-0.0038424763027533615,-0.03444201710943018,0.018997833236158224,0.009603926890679793,-0.009553953888643774,-0.0382287992574053,-0.01901020020989508
2024-06-14 00:00:00-04:00,0.055983228067360225,-0.020009516023872687,-0.02166902653757896,-0.0037559867255770873,0.003771265906201915,-0.009646048914572658,0.0,-0.009020934690153082
2024-06-21 00:00:00-04:00,0.003250345047496106,0.016728072615694423,0.019422965187496644,0.006375172538999774,0.024000521823819287,0.015022681497010248,-0.007863860766342934,0.007417357539034386
2024-06-28 00:00:00-04:00,-0.007806765769333368,-0.0013846149070946279,0.02375469655062723,-0.0033302838716017247,0.0009986575865787994,-0.005540614775317976,-0.010096654829883422,-0.010144168894848704
2024-07-05 00:00:00-04:00,0.02939502060187915,0.010459808482830901,-0.011519440195549735,-0.009193753328581855,0.037828925019776305,-0.00533364444089357,0.006017062019975761,-0.004642631213728987
2024-07-12 00:00:00-04:00,0.003950466151179555,0.020221437600395742,0.004661526126956028,0.026729383182876765,0.011569061721477647,0.02441847613614967,0.03953324162292815,0.029579153109222878
2024-07-19 00:00:00-04:00,-0.05530371296476455,0.011090068732076519,0.020437470044572414,-0.002697778759743974,-0.019217716510524507,0.005556410477432161,-0.015857487937347314,-0.004309533375867369
2024-07-26 00:00:00-04:00,-0.02078144793950243,0.01306891344952188,-0.0019487130132734842,0.014134171414490693,-0.027687537509797022,0.011451947810456442,0.014829706987298241,0.013538994897052126
2024-08-02 00:00:00-04:00,-0.05344920826366828,-0.031098863743907024,-0.04111076042536854,0.006001490981671909,-0.03532115126559199,-0.028266065131944185,0.04285509028344725,-0.014124596008734058
2024-08-09 00:00:00-04:00,0.004445162557400462,0.008083709184214527,0.011425347696770283,-0.005833197122191991,-0.010331579128581292,0.012629369464237428,-0.008218927596612913,-0.016437134711979495
2024-08-16 00:00:00-04:00,0.07669101936682576,0.03231124922638906,0.011855474276265099,0.019269156271469745,0.05041874118222345,0.021644649330512022,0.01127579203257878,0.022696453069233513
2024-08-23 00:00:00-04:00,0.011562840002656394,0.015078878529806383,-0.0008842742739865184,0.0168770507537801,0.025883200868719314,0.01819324497518271,0.013164910873957547,0.023849080771225495
2024-08-30 00:00:00-04:00,-0.016208282403908147,0.02948466008624484,0.009846181800331921,0.011257729949848194,-0.003992037720614405,0.01686279379106459,0.01153554295777881,0.016715110304006187
2024-09-06 00:00:00-04:00,-0.07436873117646957,-0.03170094369986076,-0.05773438800481567,-0.020674380603233344,-0.025224584716951992,-0.042370402590623524,-0.004981004156601854,-0.04656342270396252
2024-09-13 00:00:00-04:00,0.08101082722419432,0.004967221339861938,-0.0048831938706676015,0.014355359069954332,0.055263226523121434,0.03717530468414121,0.03464613691010743,0.031149234151423677
2024-09-20 00:00:00-04:00,0.009480947814607843,0.02583686205133895,0.03703704726801682,-0.005635320585128056,0.021872419974264812,0.01998914756969694,0.019607935292403456,0.014888432229763993
2024-09-27 00:00:00-04:00,0.01336600414628708,-0.007583145610438935,-0.009575943798588837,-0.010878799662331073,0.023206089759318038,0.015676372116972148,0.011050904992796928,0.034894976745255324
2024-10-04 00:00:00-04:00,0.0008440591663061436,0.01107411895735555,0.06870062370435126,-0.009018433638346202,-0.013294226218773186,0.005043338309802525,0.011066891700966197,-0.018056097508935887
2024-10-11 00:00:00-04:00,0.024501728014529434,0.01883898252084526,-0.0039709000312474485,0.014837783652265735,-0.008023369238322142,0.02147445229045064,-0.025335231053143392,0.007565468475302151
2024-10-18 00:00:00-04:00,0.00043328307710321923,0.023865788380039055,-0.026613578753201028,-0.004938581931663966,0.014904822480809488,0.0061408101477529176,0.03406941553593312,0.01814577145879781
2024-10-25 00:00:00-04:00,-0.0026850455158650144,-0.020789436991771604,-0.006309507184772523,-0.029648109800484823,0.006515941155866178,-0.027787825666538812,-0.019157978405675347,-0.03759094596496371
2024-11-01 00:00:00-04:00,-0.0277041614778607,0.00021437326845608062,-0.019382805755301713,-0.005720299744247703,-0.00358542271335871,-0.010265970781958678,-0.027992048385166668,-0.008833546672368575
2024-11-08 00:00:00-05:00,0.05917555313642486,0.05467406447488643,0.06497788291695628,0.016515375920781006,0.0751161219083103,0.06029409191057278,0.013439111831246908,0.014388574166781076
2024-11-15 00:00:00-05:00,-0.0356298837591128,0.013823908190940593,0.010453316382490252,-0.05553341043404458,-0.007809520177658569,-0.020972669626457163,0.0008840401056473546,-0.033767335541043164
2024-11-22 00:00:00-05:00,0.02138074826751679,0.017244905963812673,0.02681307698902402,0.01635662009836869,0.021832876530911927,0.025447523072704925,0.02776020982452443,0.030784312960187687
2024-11-29 00:00:00-05:00,0.000556455225279251,0.012024392534701,-0.017888373629927012,0.02254436164669049,0.019257211672394137,0.00939365918540691,0.01817080389005632,0.007333420477208197
2024-12-06 00:00:00-05:00,0.030419716167510158,-0.01830931566071492,-0.0472102677705355,-0.02123333086511381,0.04723341018439409,-0.02382115286484554,-0.039069107484069,-0.030280573400856436
2024-12-13 00:00:00-05:00,-0.007432267904482259,-0.01706348395296875,-0.019775888209462966,-0.02280282826308544,0.011554978483758083,-0.02226815797978099,-0.025724670347199385,-0.029159045054356958
2024-12-20 00:00:00-05:00,-0.012926121728517703,-0.020791222631174944,-0.05693787960981056,-0.021207243107741913,-0.0279417371148184,-0.026267757872631137,-0.015584800004662114,-0.04090542566220434
2024-12-27 00:00:00-05:00,0.008133227436335044,0.009233171561624731,0.01342271030651565,0.01144288611954325,0.005527933782909944,0.00082601185587583,0.0036674762972044306,-0.0023022304911102243
2025-01-03 00:00:00-05:00,-0.007326596763439608,-0.0032820897381916625,0.03441354611189684,7.199796456225371e-05,-0.016801580185082376,-0.004052112846267941,0.013144073695734004,-0.020602796735932016
2025-01-10 00:00:00-05:00,-0.029565227217848267,-0.026137061188165944,0.010517844809083243,0.004893515477284893,-0.022401257294324517,-0.010473117956180444,-0.019460272441405135,0.0013222935054428842
2025-01-17 00:00:00-05:00,0.023297443904656268,0.061496254083706736,0.0630162168258217,0.003867025465495111,0.03803999578927364,0.0488843818129745,0.04313302172840405,0.06038407884399333
2025-01-24 00:00:00-05:00,0.022169073405535533,0.01234314567538286,-0.02820351654635944,0.029462173156418192,0.003446418530240747,0.024101743201462966,0.00824454077506509,0.0075851358621887854
2025-01-31 00:00:00-05:00,-0.03547851628606491,0.012192725569162732,-0.04019274793656258,0.017739532373678646,0.009390918254746472,-0.019281229441874603,-0.020254132945304426,-0.002359490623589422
2025-02-07 00:00:00-05:00,0.008708600878535089,0.006800069115799223,0.010497531592406517,-0.0029958226361499474,-0.02838437825284934,-0.007372627975683166,0.0033385468946327546,-0.005631220568403261
2025-02-14 00:00:00-05:00,0.03071034163287112,-0.0003859466490659935,0.017050555515925048,-0.011131662040692936,0.006294900334766318,0.0016019635847852598,0.012285559655362821,0.017668968510803573
2025-02-21 00:00:00-05:00,-0.02125267352400606,-0.020270244713897267,0.009548126051064587,0.011256970835637148,-0.03792950441150478,-0.019701991226842464,0.014791355259160532,-0.019810757461512618
2025-02-28 00:00:00-05:00,-0.03976665507608257,0.028177372850621163,0.0007698593623541861,0.017072991022839545,-0.011126926468371434,0.011050223839473183,-0.013080718826521287,0.007834727364522953
2025-03-07 00:00:00-05:00,-0.030993652688496742,-0.058643247131757614,-0.03923083508202263,0.0023501348529515464,-0.04764768120776253,-0.015257087870848784,-0.024362519414258044,-0.010590383360384648
2025-03-14 00:00:00-04:00,-0.021048757629446913,-0.012214912891288399,0.02664997515334666,-0.029139908035780704,-0.04361359730970915,-0.023240266906051077,0.02044245334665895,-0.020951964507681664
2025-03-21 00:00:00-04:00,9.346570252422026e-05,0.019373454017213687,0.03074861126403583,0.01152287567886967,0.0038129069625132406,0.008541083674357797,-0.0015215790834131049,-0.0022098239488997917
2025-03-28 00:00:00-04:00,-0.03373360012697557,-0.0014407442377221136,0.0068189604130819426,-0.010374192172054375,0.0006703329447130812,-0.012856069070594223,-0.002749421722484935,-0.003900005388608463
2025-04-04 00:00:00-04:00,-0.07436873117646957,-0.0847433091798579,-0.11154800732494925,-0.06379975968306204,-0.07232029949211594,-0.06584118558443687,-0.04424217126237584,-0.07997672520610373
2025-04-11 00:00:00-04:00,0.08101082722419432,0.055882335366237657,0.0016504994027792819,0.011753381957543718,0.037912368247073,0.06554178717826842,0.024017161167241285,0.03364148484992002
2025-04-18 00:00:00-04:00,-0.02767832189063013,-0.00042846099745952326,0.033084094582030765,-0.01008256140297814,-0.022770411481803587,-0.002944189495974192,0.018998959075595456,0.0031055974579101697
2025-04-25 00:00:00-04:00,0.0809395198742151,0.02936757436110904,0.010920172099919023,0.018894377628423165,0.0658036825147561,0.029608840828539318,0.005657706671903462,0.02315795351391925
2025-05-02 00:00:00-04:00,0.0390463591385255,0.0362348478429253,-0.004976249738374627,0.0034770208767849198,0.019382565426121712,0.04317508397056691,0.01969056988306117,0.02795935210172673
2025-05-09 00:00:00-04:00,0.0045704765307788,0.0020097335845281616,0.005489100468101915,-0.042229221228814784,0.004865288666708878,0.01136860799404249,0.0061441591474200585,-0.0043566328136469545
2025-05-16 00:00:00-04:00,0.0794576793290851,0.034697135904818266,0.037001113082729686,0.0030902462132265107,0.07538598246440475,0.05635149653020721,0.02417753007315282,0.029446624795937737
2025-05-23 00:00:00-04:00,-0.034399099964342095,-0.029850749590864867,-0.04082834523778778,-0.020662740276008562,-0.032250681509003676,-0.020517397271968774,-0.01362867472638929,-0.01550838223078066
2025-05-30 00:00:00-04:00,0.01807687188860907,0.018181795933400968,-0.0056103842108482516,0.017646198063419938,0.014953758267718609,0.014130521016841868,0.010609456381103,0.00746791835567473
2025-06-06 00:00:00-04:00,0.03226362879925104,0.00627946692433512,0.023059093005989517,0.013118231221669996,-0.007624016503086972,0.01477369382317928,-0.008911057384144883,0.016678242179867464
2025-06-13 00:00:00-04:00,0.0033982002542558565,-0.025741085653682938,0.05622814444707358,0.013022759223565439,-0.002026627083535848,-0.015731661997372304,0.0028327955172604558,-0.004556840034149912
2025-06-20 00:00:00-04:00,0.005728094599352973,0.008006446223535635,0.009988681944121502,-0.025931101249922706,-0.005006156139988671,-0.0019629105924535706,-0.007860508155225321,-0.0109864621610275
2025-06-27 00:00:00-04:00,0.044257239429925654,0.034908721426539335,-0.03355915287461131,0.014851795384924538,0.0397511073949961,0.03418397754989,0.013799063413190371,0.022190657128637215
2025-07-04 00:00:00-04:00,0.024683921829389943,0.024066230902001218,0.02028130909314685,0.011722596954212072,0.011985957362507182,0.017916785905738974,0.0062706811183324,0.03959498670042616
2025-07-11 00:00:00-04:00,-0.004319681617659721,-0.019364519757285148,0.024129593284800244,-0.0022878048604705326,0.0009944665939032316,0.005220176608588645,0.007453575728828987,0.001641609849792669
2025-07-18 00:00:00-04:00,0.019699075335893212,0.007285296572601352,-0.035566007703694225,-0.02477998404480819,0.003341938841354697,0.008388880101370289,0.015767169191939212,-0.014204495957679586
2025-07-25 00:00:00-04:00,0.004216242570340478,0.017129762000359205,0.013261975358191513,0.035194171105380256,0.012152842285163112,0.02330647446732015,0.009193989767957156,0.023830652812998787
2025-08-01 00:00:00-04:00,-0.01877927819209757,-0.03817359942465459,-0.017336419778228973,-0.03919981691241392,-0.0390447768486023,-0.03387315190611795,0.015144420959893878,-0.06116706027799668
2025-08-08 00:00:00-04:00,0.03442644358100444,0.008754804180611142,-0.007711135190487939,-0.0073972484144264605,0.035587035826414315,0.00727925936893592,0.004428872259931493,0.018796093524833024
2025-08-15 00:00:00-04:00,-0.0008273210348754834,0.011764718000059737,0.007417841176901252,0.04648127597985785,0.023505203930328067,-0.0025856884234827238,-0.006497999032382462,0.019015283918401904
2025-08-22 00:00:00-04:00,-0.012344744556282206,0.02115899027303092,0.030154299961121733,0.014389482111952567,0.017726217850132286,0.01794733385020919,0.0049053743923417326,0.02388094585172107
2025-08-29 00:00:00-04:00,0.0023244620088036516,0.0018666879725734997,0.001021147809262768,-0.008105921198739874,0.0025739632304433435,0.00019589120684626593,-0.009065536622467785,-0.002820591618243551
